1,а,а,CCONJ,_,_,_,_,_,@amf2000f-words#@amf2000f#12.4#13.01
2,там,там,ADV,_,Degree=Pos,_,_,_,@amf2000f-words#@amf2000f#13.1#13.468
3,какая-то,какой-то,DET,_,Case=Nom|Gender=Fem|Number=Sing,_,_,_,@amf2000f-words#@amf2000f#13.468#13.836
4,команда,команда,NOUN,_,Animacy=Inan|Case=Nom|Gender=Fem|Number=Sing,_,_,_,@amf2000f-words#@amf2000f#13.836#14.204
5,/,/,PUNCT,_,_,_,_,_,@amf2000f-words#@amf2000f#14.204#14.572
6,из,из,ADP,_,_,_,_,_,@amf2000f-words#@amf2000f#14.572#14.94
7,плехи,плехановка,PROPN,_,Animacy=Inan|Case=Gen|Gender=Fem|Number=Sing,_,_,_,@amf2000f-words#@amf2000f#14.94#15.31
8,короче,короче,PART,_,_,_,_,_,@amf2000f-words#@amf2000f#15.8#16.15
9,она,она,PRON,_,Case=Nom|Gender=Fem|Number=Sing|Person=3,_,_,_,@amf2000f-words#@amf2000f#16.15#16.5
10,говорит,говорить,VERB,_,Aspect=Imp|Mood=Ind|Number=Sing|Person=3|Tense=Pres|VerbForm=Fin|Voice=Act,_,_,_,@amf2000f-words#@amf2000f#16.5#16.85
11,типа,типа,INTJ,_,_,_,_,_,@amf2000f-words#@amf2000f#16.85#17.2
12,аа,аа,INTJ,_,_,_,_,_,@amf2000f-words#@amf2000f#17.37#18.24
13,вот,вот,PART,_,_,_,_,_,@amf2000f-words#@amf2000f#18.47#18.707
14,у,у,ADP,_,_,_,_,_,@amf2000f-words#@amf2000f#18.707#18.944
15,нас,мы,PRON,_,Case=Gen|Number=Plur|Person=1,_,_,_,@amf2000f-words#@amf2000f#18.944#19.181
16,типо,типо,INTJ,_,_,_,_,_,@amf2000f-words#@amf2000f#19.181#19.418
17,страховка,страховка,NOUN,_,Animacy=Inan|Case=Nom|Gender=Fem|Number=Sing,_,_,_,@amf2000f-words#@amf2000f#19.418#19.655
18,/,/,PUNCT,_,_,_,_,_,@amf2000f-words#@amf2000f#19.655#19.892
19,и,и,CCONJ,_,_,_,_,_,@amf2000f-words#@amf2000f#19.892#20.129
20,там,там,ADV,_,Degree=Pos,_,_,_,@amf2000f-words#@amf2000f#20.129#20.366
21,не,не,PART,_,_,_,_,_,@amf2000f-words#@amf2000f#20.366#20.603
22,написано,писать,VERB,_,Aspect=Perf|Gender=Neut|Number=Sing|Tense=Past|Variant=Short|VerbForm=Part|Voice=Pass,_,_,_,@amf2000f-words#@amf2000f#20.603#20.84
23,по,по,ADP,_,_,_,_,_,@amf2000f-words#@amf2000f#20.84#21.077
24,чирш,чирлидерскому,ADJ,_,Case=Dat|Degree=Pos|Number=Sing,_,_,_,@amf2000f-words#@amf2000f#21.077#21.314
25,спорту,спорт,NOUN,_,Animacy=Inan|Case=Dat|Gender=Masc|Number=Sing,_,_,_,@amf2000f-words#@amf2000f#21.314#21.551
26,/,/,PUNCT,_,_,_,_,_,@amf2000f-words#@amf2000f#21.551#21.788
27,и,и,CCONJ,_,_,_,_,_,@amf2000f-words#@amf2000f#21.788#22.025
28,она,она,PRON,_,Case=Nom|Gender=Fem|Number=Sing|Person=3,_,_,_,@amf2000f-words#@amf2000f#22.025#22.262
29,[нрзб],[нрзб],PUNCT,_,_,_,_,_,@amf2000f-words#@amf2000f#22.262#22.499
30,говорит,говорить,VERB,_,Aspect=Imp|Mood=Ind|Number=Sing|Person=3|Tense=Pres|VerbForm=Fin|Voice=Act,_,_,_,@amf2000f-words#@amf2000f#22.499#22.75
31,нет,нет,VERB,_,Aspect=Imp|Mood=Ind|Number=Sing|Person=3|Tense=Pres|VerbForm=Fin|Voice=Act,_,_,_,@amf2000f-words#@amf2000f#23.61#23.895
32,такая,такой,DET,_,Case=Nom|Gender=Fem|Number=Sing,_,_,_,@amf2000f-words#@amf2000f#23.895#24.18
33,не,не,PART,_,_,_,_,_,@amf2000f-words#@amf2000f#24.18#24.465
34,волнуйтесь,волноваться,VERB,_,Aspect=Imp|Mood=Imp|Number=Plur|Person=2|VerbForm=Fin|Voice=Mid,_,_,_,@amf2000f-words#@amf2000f#24.465#24.75
35,у,у,ADP,_,_,_,_,_,@amf2000f-words#@amf2000f#24.75#25.035
36,вас,вы,PRON,_,Case=Gen|Number=Plur|Person=2,_,_,_,@amf2000f-words#@amf2000f#25.035#25.32
37,типо,типо,INTJ,_,_,_,_,_,@amf2000f-words#@amf2000f#25.32#25.605
38,страховка,страховка,NOUN,_,Animacy=Inan|Case=Nom|Gender=Fem|Number=Sing,_,_,_,@amf2000f-words#@amf2000f#25.605#25.89
39,на,на,ADP,_,_,_,_,_,@amf2000f-words#@amf2000f#25.89#26.175
40,все,весь,DET,_,Case=Acc|Number=Plur,_,_,_,@amf2000f-words#@amf2000f#26.175#26.46
41,виды,вид,NOUN,_,Animacy=Inan|Case=Acc|Gender=Masc|Number=Plur,_,_,_,@amf2000f-words#@amf2000f#26.46#26.745
42,спорта,спорт,NOUN,_,Animacy=Inan|Case=Gen|Gender=Masc|Number=Sing,_,_,_,@amf2000f-words#@amf2000f#26.745#27.03
43,куплено,купить,VERB,_,Aspect=Perf|Gender=Neut|Number=Sing|Tense=Past|Variant=Short|VerbForm=Part|Voice=Pass,_,_,_,@amf2000f-words#@amf2000f#27.03#27.315
44,/,/,PUNCT,_,_,_,_,_,@amf2000f-words#@amf2000f#27.315#27.6
45,ну,ну,PART,_,_,_,_,_,@amf2000f-words#@amf2000f#27.6#27.885
46,и,и,CCONJ,_,_,_,_,_,@amf2000f-words#@amf2000f#27.885#28.17
47,очевидно,очевидно,ADV,_,Degree=Pos,_,_,_,@amf2000f-words#@amf2000f#28.17#28.455
48,что,что,SCONJ,_,_,_,_,_,@amf2000f-words#@amf2000f#28.455#28.74
49,не,не,PART,_,_,_,_,_,@amf2000f-words#@amf2000f#28.74#29.025
50,чирлидинг,чирлидинг,NOUN,_,Animacy=Inan|Case=Nom|Gender=Masc|Number=Sing,_,_,_,@amf2000f-words#@amf2000f#29.025#29.31
51,оплачивает,оплачивать,VERB,_,Aspect=Imp|Mood=Ind|Number=Sing|Person=3|Tense=Pres|VerbForm=Fin|Voice=Act,_,_,_,@amf2000f-words#@amf2000f#29.31#29.595
52,все,весь,DET,_,Case=Acc|Number=Plur,_,_,_,@amf2000f-words#@amf2000f#29.595#29.88
53,виды,вид,NOUN,_,Animacy=Inan|Case=Acc|Gender=Masc|Number=Plur,_,_,_,@amf2000f-words#@amf2000f#29.88#30.165
54,спорта,спорт,NOUN,_,Animacy=Inan|Case=Gen|Gender=Masc|Number=Sing,_,_,_,@amf2000f-words#@amf2000f#30.165#30.45
55,а,а,CCONJ,_,_,_,_,_,@amf2000f-words#@amf2000f#30.45#30.735
56,их,их,DET,_,_,_,_,_,@amf2000f-words#@amf2000f#30.735#31.02
57,вуз,вуз,NOUN,_,Animacy=Inan|Case=Acc|Gender=Masc|Number=Sing,_,_,_,@amf2000f-words#@amf2000f#31.02#31.305
58,/,/,PUNCT,_,_,_,_,_,@amf2000f-words#@amf2000f#31.305#31.59
59,и,и,CCONJ,_,_,_,_,_,@amf2000f-words#@amf2000f#31.59#31.875
60,я,я,PRON,_,Case=Nom|Number=Sing|Person=1,_,_,_,@amf2000f-words#@amf2000f#31.875#32.16
61,такая,такой,DET,_,Case=Nom|Gender=Fem|Number=Sing,_,_,_,@amf2000f-words#@amf2000f#32.16#32.46
62,и,и,CCONJ,_,_,_,_,_,@amf2000f-words#@amf2000f#34.58#34.892
63,у,у,ADP,_,_,_,_,_,@amf2000f-words#@amf2000f#34.892#35.204
64,нас,мы,PRON,_,Case=Gen|Number=Plur|Person=1,_,_,_,@amf2000f-words#@amf2000f#35.204#35.516
65,чисто,чисто,ADV,_,Degree=Pos,_,_,_,@amf2000f-words#@amf2000f#35.516#35.83
66,даа,даа,INTJ,_,_,_,_,_,@amf2000f-words#@amf2000f#37.16#37.75
67,серьёзно,серьёзно,ADV,_,Degree=Pos,_,_,_,@amf2000f-words#@amf2000f#47.72#48.65
68,чё,что,PRON,_,Animacy=Inan|Case=Acc|Gender=Neut|Number=Sing,_,_,_,@amf2000f-words#@amf2000f#49.35#49.626
69,за,за,ADP,_,_,_,_,_,@amf2000f-words#@amf2000f#49.626#49.902
70,бред,бред,NOUN,_,Animacy=Inan|Case=Acc|Gender=Masc|Number=Sing,_,_,_,@amf2000f-words#@amf2000f#49.902#50.18
71,ааа,ааа,INTJ,_,_,_,_,_,@amf2000f-words#@amf2000f#54.85#55.181
72,/,/,PUNCT,_,_,_,_,_,@amf2000f-words#@amf2000f#55.181#55.512
73,вторник,вторник,NOUN,_,Animacy=Inan|Case=Acc|Gender=Masc|Number=Sing,_,_,_,@amf2000f-words#@amf2000f#55.512#55.843
74,/,/,PUNCT,_,_,_,_,_,@amf2000f-words#@amf2000f#55.843#56.174
75,и,и,CCONJ,_,_,_,_,_,@amf2000f-words#@amf2000f#56.174#56.505
76,четверг,четверг,NOUN,_,Animacy=Inan|Case=Acc|Gender=Masc|Number=Sing,_,_,_,@amf2000f-words#@amf2000f#56.505#56.836
77,[нрзб],[нрзб],PUNCT,_,_,_,_,_,@amf2000f-words#@amf2000f#56.836#57.167
78,Оля,Оля,PROPN,_,Animacy=Anim|Case=Nom|Gender=Fem|Number=Sing,_,_,_,@amf2000f-words#@amf2000f#57.167#57.498
79,не,не,PART,_,_,_,_,_,@amf2000f-words#@amf2000f#57.498#57.829
80,может,мочь,VERB,_,Aspect=Imp|Mood=Ind|Number=Sing|Person=3|Tense=Pres|VerbForm=Fin|Voice=Act,_,_,_,@amf2000f-words#@amf2000f#57.829#58.16
81,прийти,прийти,VERB,_,Aspect=Perf|VerbForm=Inf|Voice=Act,_,_,_,@amf2000f-words#@amf2000f#58.16#58.491
82,да,да,PART,_,_,_,_,_,@amf2000f-words#@amf2000f#58.491#58.83
83,в,в,ADP,_,_,_,_,_,@amf2000f-words#@amf2000f#60.73#61.23
84,смысле,смысл,NOUN,_,Animacy=Inan|Case=Loc|Gender=Masc|Number=Sing,_,_,_,@amf2000f-words#@amf2000f#61.23#61.73
85,чё,что,PRON,_,Animacy=Inan|Case=Nom|Gender=Neut|Number=Sing,_,_,_,@amf2000f-words#@amf2000f#64.81#65.125
86,за,за,ADP,_,_,_,_,_,@amf2000f-words#@amf2000f#65.125#65.44
87,бред,бред,NOUN,_,Animacy=Inan|Case=Acc|Gender=Masc|Number=Sing,_,_,_,@amf2000f-words#@amf2000f#65.44#65.755
88,/,/,PUNCT,_,_,_,_,_,@amf2000f-words#@amf2000f#65.755#66.07
89,типа,типа,INTJ,_,_,_,_,_,@amf2000f-words#@amf2000f#66.07#66.385
90,это,это,PRON,_,_,_,_,_,@amf2000f-words#@amf2000f#66.385#66.7
91,в,в,ADP,_,_,_,_,_,@amf2000f-words#@amf2000f#70.55#70.925
92,субботу,суббота,NOUN,_,Animacy=Inan|Case=Acc|Gender=Fem|Number=Sing,_,_,_,@amf2000f-words#@amf2000f#70.925#71.3
93,я,я,PRON,_,Case=Nom|Number=Sing|Person=1,_,_,_,@amf2000f-words#@amf2000f#71.45#71.95
94,убежала,убежать,VERB,_,Aspect=Perf|Gender=Fem|Mood=Ind|Number=Sing|Tense=Past|VerbForm=Fin|Voice=Act,_,_,_,@amf2000f-words#@amf2000f#71.95#72.45
95,расскажи,рассказать,VERB,_,Aspect=Perf|Mood=Imp|Number=Sing|Person=2|VerbForm=Fin|Voice=Act,_,_,_,@amf2000f-words#@amf2000f#73.09#73.69
96,почему,почему,SCONJ,_,_,_,_,_,@amf2000f-words#@amf2000f#79.86#80.43
97,девочки,девочка,NOUN,_,Animacy=Anim|Case=Nom|Gender=Fem|Number=Plur,_,_,_,@amf2000f-words#@amf2000f#84.76#85.093
98,слишком,слишком,ADV,_,Degree=Pos,_,_,_,@amf2000f-words#@amf2000f#85.093#85.426
99,красивые,красивый,ADJ,_,Case=Nom|Degree=Pos|Number=Plur,_,_,_,@amf2000f-words#@amf2000f#85.426#85.76
100,мне,я,PRON,_,Case=Dat|Number=Sing|Person=1,_,_,_,@amf2000f-words#@amf2000f#122.37#122.665
101,кажется,казаться,VERB,_,Aspect=Imp|Mood=Ind|Number=Sing|Person=3|Tense=Pres|VerbForm=Fin|Voice=Mid,_,_,_,@amf2000f-words#@amf2000f#122.665#122.96
102,Олег,Олег,PROPN,_,Animacy=Anim|Case=Nom|Gender=Masc|Number=Sing,_,_,_,@amf2000f-words#@amf2000f#122.96#123.255
103,уйдёт,уйдти,VERB,_,Aspect=Perf|Mood=Ind|Number=Sing|Person=3|Tense=Fut|VerbForm=Fin|Voice=Act,_,_,_,@amf2000f-words#@amf2000f#123.255#123.55
104,смысл,смысл,NOUN,_,Animacy=Inan|Case=Acc|Gender=Masc|Number=Sing,_,_,_,@amf2000f-words#@amf2000f#125.59#126.001
105,ей,она,PRON,_,Case=Dat|Gender=Fem|Number=Sing|Person=3,_,_,_,@amf2000f-words#@amf2000f#126.001#126.412
106,в,в,ADP,_,_,_,_,_,@amf2000f-words#@amf2000f#126.412#126.823
107,субботу,суббота,NOUN,_,Animacy=Inan|Case=Acc|Gender=Fem|Number=Sing,_,_,_,@amf2000f-words#@amf2000f#126.823#127.234
108,вечером,вечер,NOUN,_,Animacy=Inan|Case=Ins|Gender=Masc|Number=Sing,_,_,_,@amf2000f-words#@amf2000f#127.234#127.645
109,приезжать,приезжать,VERB,_,Aspect=Imp|VerbForm=Inf|Voice=Act,_,_,_,@amf2000f-words#@amf2000f#127.645#128.056
110,сюда,сюда,ADV,_,Degree=Pos,_,_,_,@amf2000f-words#@amf2000f#128.056#128.47
111,а,а,CCONJ,_,_,_,_,_,@amf2000f-words#@amf2000f#133.73#133.943
112,я,я,PRON,_,Case=Nom|Number=Sing|Person=1,_,_,_,@amf2000f-words#@amf2000f#133.943#134.156
113,еще,еще,ADV,_,Degree=Pos,_,_,_,@amf2000f-words#@amf2000f#134.156#134.369
114,думаю,думать,VERB,_,Aspect=Imp|Mood=Ind|Number=Sing|Person=1|Tense=Pres|VerbForm=Fin|Voice=Act,_,_,_,@amf2000f-words#@amf2000f#134.369#134.582
115,/,/,PUNCT,_,_,_,_,_,@amf2000f-words#@amf2000f#134.582#134.795
116,почему,почему,ADV,_,Degree=Pos,_,_,_,@amf2000f-words#@amf2000f#134.795#135.008
117,её,она,PRON,_,Case=Acc|Gender=Fem|Number=Sing|Person=3,_,_,_,@amf2000f-words#@amf2000f#135.008#135.221
118,нет,нет,VERB,_,Aspect=Imp|Mood=Ind|Number=Sing|Person=3|Tense=Pres|VerbForm=Fin|Voice=Act,_,_,_,@amf2000f-words#@amf2000f#135.221#135.44
119,а,а,CCONJ,_,_,_,_,_,@amf2000f-words#@amf2000f#135.66#135.941
120,она,она,PRON,_,Case=Nom|Gender=Fem|Number=Sing|Person=3,_,_,_,@amf2000f-words#@amf2000f#135.941#136.222
121,сегодня,сегодня,ADV,_,Degree=Pos,_,_,_,@amf2000f-words#@amf2000f#136.222#136.503
122,как,как,SCONJ,_,_,_,_,_,@amf2000f-words#@amf2000f#136.503#136.784
123,придёт,прийти,VERB,_,Aspect=Perf|Mood=Ind|Number=Sing|Person=3|Tense=Fut|VerbForm=Fin|Voice=Act,_,_,_,@amf2000f-words#@amf2000f#136.784#137.065
124,на,на,ADP,_,_,_,_,_,@amf2000f-words#@amf2000f#137.065#137.346
125,тренировку,тренировка,NOUN,_,Animacy=Inan|Case=Acc|Gender=Fem|Number=Sing,_,_,_,@amf2000f-words#@amf2000f#137.346#137.63
126,[нрзб],[нрзб],PUNCT,_,_,_,_,_,@amf2000f-words#@amf2000f#138.91#139.09
127,она,она,PRON,_,Case=Nom|Gender=Fem|Number=Sing|Person=3,_,_,_,@amf2000f-words#@amf2000f#139.09#139.27
128,сказала,сказать,VERB,_,Aspect=Perf|Gender=Fem|Mood=Ind|Number=Sing|Tense=Past|VerbForm=Fin|Voice=Act,_,_,_,@amf2000f-words#@amf2000f#139.27#139.45
129,/,/,PUNCT,_,_,_,_,_,@amf2000f-words#@amf2000f#139.45#139.63
130,я,я,PRON,_,Case=Nom|Number=Sing|Person=1,_,_,_,@amf2000f-words#@amf2000f#139.63#139.81
131,попытаюсь,пытаться,VERB,_,Aspect=Imp|Mood=Ind|Number=Sing|Person=1|Tense=Pres|VerbForm=Fin|Voice=Mid,_,_,_,@amf2000f-words#@amf2000f#139.81#139.99
132,к,к,ADP,_,_,_,_,_,@amf2000f-words#@amf2000f#139.99#140.17
133,шес...,шес...,X,_,_,_,_,_,@amf2000f-words#@amf2000f#140.17#140.35
134,/,/,PUNCT,_,_,_,_,_,@amf2000f-words#@amf2000f#140.35#140.53
135,ну,ну,PART,_,_,_,_,_,@amf2000f-words#@amf2000f#140.53#140.71
136,/,/,PUNCT,_,_,_,_,_,@amf2000f-words#@amf2000f#140.71#140.89
137,мы,мы,PRON,_,Case=Nom|Number=Plur|Person=1,_,_,_,@amf2000f-words#@amf2000f#140.89#141.07
138,же,же,PART,_,_,_,_,_,@amf2000f-words#@amf2000f#141.07#141.25
139,двойку,двойка,NOUN,_,Animacy=Inan|Case=Acc|Gender=Fem|Number=Sing,_,_,_,@amf2000f-words#@amf2000f#141.25#141.43
140,репетируем,репетировать,VERB,_,Aspect=Imp|Mood=Ind|Number=Plur|Person=1|Tense=Pres|VerbForm=Fin|Voice=Act,_,_,_,@amf2000f-words#@amf2000f#141.43#141.61
141,с,с,ADP,_,_,_,_,_,@amf2000f-words#@amf2000f#141.61#141.79
142,пяти,пять,NOUN,_,Animacy=Inan|Case=Gen|Gender=Fem|Number=Sing,_,_,_,@amf2000f-words#@amf2000f#141.79#141.97
143,и,и,CCONJ,_,_,_,_,_,@amf2000f-words#@amf2000f#142.78#142.983
144,она,она,PRON,_,Case=Nom|Gender=Fem|Number=Sing|Person=3,_,_,_,@amf2000f-words#@amf2000f#142.983#143.186
145,сказала,сказать,VERB,_,Aspect=Perf|Gender=Fem|Mood=Ind|Number=Sing|Tense=Past|VerbForm=Fin|Voice=Act,_,_,_,@amf2000f-words#@amf2000f#143.186#143.389
146,/,/,PUNCT,_,_,_,_,_,@amf2000f-words#@amf2000f#143.389#143.592
147,я,я,PRON,_,Case=Nom|Number=Sing|Person=1,_,_,_,@amf2000f-words#@amf2000f#143.592#143.795
148,попытаюсь,пытаться,VERB,_,Aspect=Imp|Mood=Ind|Number=Sing|Person=1|Tense=Pres|VerbForm=Fin|Voice=Mid,_,_,_,@amf2000f-words#@amf2000f#143.795#143.998
149,к,к,ADP,_,_,_,_,_,@amf2000f-words#@amf2000f#143.998#144.201
150,шести,шесть,NUM,_,Case=Dat,_,_,_,@amf2000f-words#@amf2000f#144.201#144.404
151,приехать,приехать,VERB,_,Aspect=Perf|VerbForm=Inf|Voice=Act,_,_,_,@amf2000f-words#@amf2000f#144.404#144.61
152,Катя,Катя,PROPN,_,Animacy=Anim|Case=Nom|Gender=Fem|Number=Sing,_,_,_,@amf2000f-words#@amf2000f#145.81#146.66
153,а,а,CCONJ,_,_,_,_,_,@amf2000f-words#@amf2000f#149.96#150.182
154,как,как,SCONJ,_,_,_,_,_,@amf2000f-words#@amf2000f#150.182#150.404
155,мы,мы,PRON,_,Case=Nom|Number=Plur|Person=1,_,_,_,@amf2000f-words#@amf2000f#150.404#150.626
156,будем,быть,AUX,_,Aspect=Imp|Mood=Ind|Number=Plur|Person=1|Tense=Pres|VerbForm=Fin|Voice=Act,_,_,_,@amf2000f-words#@amf2000f#150.626#150.848
157,заниматься,заниматься,VERB,_,Aspect=Imp|VerbForm=Inf|Voice=Act,_,_,_,@amf2000f-words#@amf2000f#150.848#151.07
158,типо,типо,INTJ,_,_,_,_,_,@amf2000f-words#@amf2000f#151.56#151.898
159,/,/,PUNCT,_,_,_,_,_,@amf2000f-words#@amf2000f#151.898#152.236
160,вторник,вторник,NOUN,_,Animacy=Anim|Case=Acc|Gender=Masc|Number=Sing,_,_,_,@amf2000f-words#@amf2000f#152.236#152.574
161,четверг,четверг,NOUN,_,Animacy=Inan|Case=Acc|Gender=Masc|Number=Sing,_,_,_,@amf2000f-words#@amf2000f#152.574#152.912
162,сами,сам,ADJ,_,Case=Nom|Degree=Pos|Number=Plur,_,_,_,@amf2000f-words#@amf2000f#152.912#153.25
163,или,или,CCONJ,_,_,_,_,_,@amf2000f-words#@amf2000f#154.35#154.732
164,Настя,Настя,PROPN,_,Animacy=Anim|Case=Nom|Gender=Fem|Number=Sing,_,_,_,@amf2000f-words#@amf2000f#154.732#155.114
165,Колева,Колева,PROPN,_,Animacy=Anim|Case=Nom|Gender=Fem|Number=Sing,_,_,_,@amf2000f-words#@amf2000f#155.114#155.496
166,придёт,прийти,VERB,_,Aspect=Perf|Mood=Ind|Number=Sing|Person=3|Tense=Fut|VerbForm=Fin|Voice=Act,_,_,_,@amf2000f-words#@amf2000f#155.496#155.88
167,или,или,CCONJ,_,_,_,_,_,@amf2000f-words#@amf2000f#156.06#156.312
168,она,она,PRON,_,Case=Nom|Gender=Fem|Number=Sing|Person=3,_,_,_,@amf2000f-words#@amf2000f#156.312#156.564
169,уже,уже,ADV,_,Degree=Pos,_,_,_,@amf2000f-words#@amf2000f#156.564#156.816
170,не,не,PART,_,_,_,_,_,@amf2000f-words#@amf2000f#156.816#157.068
171,студентка,студентка,NOUN,_,Animacy=Inan|Case=Nom|Gender=Fem|Number=Sing,_,_,_,@amf2000f-words#@amf2000f#157.068#157.32
172,блин,блин,INTJ,_,_,_,_,_,@amf2000f-words#@amf2000f#160.02#160.5
173,а,а,CCONJ,_,_,_,_,_,@amf2000f-words#@amf2000f#162.37#162.565
174,/,/,PUNCT,_,_,_,_,_,@amf2000f-words#@amf2000f#162.565#162.76
175,ну,ну,PART,_,_,_,_,_,@amf2000f-words#@amf2000f#162.76#162.955
176,/,/,PUNCT,_,_,_,_,_,@amf2000f-words#@amf2000f#162.955#163.15
177,наверно,наверно,ADV,_,Degree=Pos,_,_,_,@amf2000f-words#@amf2000f#163.15#163.345
178,Олеся,Олеся,PROPN,_,Animacy=Anim|Case=Nom|Gender=Fem|Number=Sing,_,_,_,@amf2000f-words#@amf2000f#163.345#163.54
179,будет,быть,AUX,_,Aspect=Imp|Mood=Ind|Number=Sing|Person=3|Tense=Pres|VerbForm=Fin|Voice=Act,_,_,_,@amf2000f-words#@amf2000f#163.54#163.735
180,вести,вести,VERB,_,Aspect=Imp|VerbForm=Inf|Voice=Act,_,_,_,@amf2000f-words#@amf2000f#163.735#163.93
181,акк,аккаунт,NOUN,_,?,_,_,_,@amf2000f-words#@amf2000f#167.5#167.788
182,/,/,PUNCT,_,_,_,_,_,@amf2000f-words#@amf2000f#167.788#168.076
183,а,а,CCONJ,_,_,_,_,_,@amf2000f-words#@amf2000f#168.076#168.364
184,Лиза,Лиза,PROPN,_,Animacy=Anim|Case=Nom|Gender=Fem|Number=Sing,_,_,_,@amf2000f-words#@amf2000f#168.364#168.652
185,как,как,SCONJ,_,_,_,_,_,@amf2000f-words#@amf2000f#168.652#168.94
186,тогда,тогда,ADV,_,Degree=Pos,_,_,_,@amf2000f-words#@amf2000f#168.94#169.228
187,пройдёт,пройдёт,VERB,_,Aspect=Perf|Mood=Ind|Number=Sing|Person=3|Tense=Fut|VerbForm=Fin|Voice=Act,_,_,_,@amf2000f-words#@amf2000f#169.228#169.52
188,а,а,CCONJ,_,_,_,_,_,@amf2000f-words#@amf2000f#172.4#172.63
189,чё,что,PART,_,_,_,_,_,@amf2000f-words#@amf2000f#172.63#172.86
190,они,они,PRON,_,Case=Nom|Number=Plur|Person=3,_,_,_,@amf2000f-words#@amf2000f#172.86#173.09
191,/,/,PUNCT,_,_,_,_,_,@amf2000f-words#@amf2000f#173.09#173.32
192,так,так,ADV,_,Degree=Pos,_,_,_,@amf2000f-words#@amf2000f#173.32#173.55
193,/,/,PUNCT,_,_,_,_,_,@amf2000f-words#@amf2000f#173.55#173.78
194,придиристо,придиристо,ADV,_,Degree=Pos,_,_,_,@amf2000f-words#@amf2000f#173.78#174.01
195,господи,господи,INTJ,_,_,_,_,_,@amf2000f-words#@amf2000f#176.28#176.504
196,/,/,PUNCT,_,_,_,_,_,@amf2000f-words#@amf2000f#176.504#176.728
197,в,в,ADP,_,_,_,_,_,@amf2000f-words#@amf2000f#176.728#176.952
198,этот,этот,DET,_,Case=Acc|Gender=Masc|Number=Sing,_,_,_,@amf2000f-words#@amf2000f#176.952#177.176
199,СК,СК,PROPN,_,Animacy=Inan|Case=Acc|Gender=Masc|Number=Sing,_,_,_,@amf2000f-words#@amf2000f#177.176#177.4
200,/,/,PUNCT,_,_,_,_,_,@amf2000f-words#@amf2000f#177.4#177.624
201,ходят,ходить,VERB,_,Aspect=Imp|Mood=Ind|Number=Plur|Person=3|Tense=Pres|VerbForm=Fin|Voice=Act,_,_,_,@amf2000f-words#@amf2000f#177.624#177.848
202,блин,блин,INTJ,_,_,_,_,_,@amf2000f-words#@amf2000f#177.848#178.072
203,/,/,PUNCT,_,_,_,_,_,@amf2000f-words#@amf2000f#178.072#178.296
204,люди,человек,NOUN,_,Animacy=Anim|Case=Nom|Gender=Masc|Number=Plur,_,_,_,@amf2000f-words#@amf2000f#178.296#178.52
205,вообще,вообще,ADV,_,Degree=Pos,_,_,_,@amf2000f-words#@amf2000f#180.7#180.965
206,никто,никто,PRON,_,Case=Nom,_,_,_,@amf2000f-words#@amf2000f#180.965#181.23
207,не,не,PART,_,_,_,_,_,@amf2000f-words#@amf2000f#181.23#181.495
208,хочет,хотеть,VERB,_,Aspect=Imp|Mood=Ind|Number=Sing|Person=3|Tense=Pres|VerbForm=Fin|Voice=Act,_,_,_,@amf2000f-words#@amf2000f#181.495#181.76
209,ходить,ходить,VERB,_,Aspect=Imp|VerbForm=Inf|Voice=Act,_,_,_,@amf2000f-words#@amf2000f#181.76#182.025
210,/,/,PUNCT,_,_,_,_,_,@amf2000f-words#@amf2000f#182.025#182.29
211,у,у,ADP,_,_,_,_,_,@amf2000f-words#@amf2000f#182.29#182.555
212,меня,я,PRON,_,Case=Gen|Number=Sing|Person=1,_,_,_,@amf2000f-words#@amf2000f#182.555#182.82
213,все,весь,DET,_,Case=Nom|Number=Plur,_,_,_,@amf2000f-words#@amf2000f#182.82#183.085
214,одногруппники,одногруппник,NOUN,_,Animacy=Anim|Case=Nom|Gender=Masc|Number=Plur,_,_,_,@amf2000f-words#@amf2000f#183.085#183.35
215,физру,физкультура,NOUN,_,Animacy=Inan|Case=Acc|Gender=Fem|Number=Sing,_,_,_,@amf2000f-words#@amf2000f#183.35#183.615
216,прогуливают,прогуливать,VERB,_,Aspect=Imp|Mood=Ind|Number=Plur|Person=3|Tense=Pres|VerbForm=Fin|Voice=Act,_,_,_,@amf2000f-words#@amf2000f#183.615#183.89
217,а,а,CCONJ,_,_,_,_,_,@amf2000f-words#@amf2000f#183.96#184.186
218,тех,тот,DET,_,Case=Gen|Number=Plur,_,_,_,@amf2000f-words#@amf2000f#184.186#184.412
219,/,/,PUNCT,_,_,_,_,_,@amf2000f-words#@amf2000f#184.412#184.638
220,кто,кто,PRON,_,Case=Nom,_,_,_,@amf2000f-words#@amf2000f#184.638#184.864
221,блин,блин,INTJ,_,_,_,_,_,@amf2000f-words#@amf2000f#184.864#185.09
222,хочет,хотеть,VERB,_,Aspect=Imp|Mood=Ind|Number=Sing|Person=3|Tense=Pres|VerbForm=Fin|Voice=Act,_,_,_,@amf2000f-words#@amf2000f#185.09#185.316
223,заниматься,заниматься,VERB,_,Aspect=Imp|VerbForm=Inf|Voice=Mid,_,_,_,@amf2000f-words#@amf2000f#185.316#185.542
224,спортом,спорт,NOUN,_,Animacy=Inan|Case=Ins|Gender=Masc|Number=Sing,_,_,_,@amf2000f-words#@amf2000f#185.542#185.768
225,/,/,PUNCT,_,_,_,_,_,@amf2000f-words#@amf2000f#185.768#185.994
226,их,они,PRON,_,Case=Gen|Number=Plur|Person=3,_,_,_,@amf2000f-words#@amf2000f#185.994#186.22
227,не,не,PART,_,_,_,_,_,@amf2000f-words#@amf2000f#186.22#186.446
228,пускают,пускать,VERB,_,Aspect=Imp|Mood=Ind|Number=Plur|Person=3|Tense=Pres|VerbForm=Fin|Voice=Pass,_,_,_,@amf2000f-words#@amf2000f#186.446#186.672
229,/,/,PUNCT,_,_,_,_,_,@amf2000f-words#@amf2000f#186.672#186.898
230,ну,ну,PART,_,_,_,_,_,@amf2000f-words#@amf2000f#186.898#187.124
231,какой-то,какой-то,DET,_,Case=Nom|Gender=Masc|Number=Sing,_,_,_,@amf2000f-words#@amf2000f#187.124#187.35
232,[нрзб],[нрзб],PUNCT,_,_,_,_,_,@amf2000f-words#@amf2000f#187.35#187.59
233,[нрзб],[нрзб],PUNCT,_,_,_,_,_,@amf2000f-words#@amf2000f#194.34#194.76
234,че,что,PRON,_,Case=Nom,_,_,_,@amf2000f-words#@amf2000f#194.76#195.18
235,мы,мы,PRON,_,Case=Nom|Number=Plur|Person=1,_,_,_,@amf2000f-words#@amf2000f#195.18#195.6
236,им,они,PRON,_,Case=Dat|Number=Plur|Person=3,_,_,_,@amf2000f-words#@amf2000f#195.6#196.02
237,сделали,делать,VERB,_,Aspect=Perf|Mood=Ind|Number=Plur|Tense=Past|VerbForm=Fin|Voice=Act,_,_,_,@amf2000f-words#@amf2000f#196.02#196.44
238,реально,реально,INTJ,_,_,_,_,_,@amf2000f-words#@amf2000f#196.44#196.86
239,типо,типо,INTJ,_,_,_,_,_,@amf2000f-words#@amf2000f#196.96#197.185
240,их,они,PRON,_,Case=Gen|Number=Plur|Person=3,_,_,_,@amf2000f-words#@amf2000f#197.185#197.41
241,бесит,бесить,VERB,_,Aspect=Imp|Mood=Ind|Number=Sing|Person=3|Tense=Pres|VerbForm=Fin|Voice=Mid,_,_,_,@amf2000f-words#@amf2000f#197.41#197.635
242,/,/,PUNCT,_,_,_,_,_,@amf2000f-words#@amf2000f#197.635#197.86
243,что,что,SCONJ,_,_,_,_,_,@amf2000f-words#@amf2000f#197.86#198.085
244,мы,мы,PRON,_,Case=Nom|Number=Plur|Person=1,_,_,_,@amf2000f-words#@amf2000f#198.085#198.31
245,в,в,ADP,_,_,_,_,_,@amf2000f-words#@amf2000f#198.31#198.535
246,манеже,манеж,NOUN,_,Animacy=Inan|Case=Loc|Gender=Masc|Number=Sing,_,_,_,@amf2000f-words#@amf2000f#198.535#198.76
247,задерживаемся,задерживаться,VERB,_,Aspect=Imp|Mood=Ind|Number=Plur|Person=1|Tense=Pres|VerbForm=Fin|Voice=Act,_,_,_,@amf2000f-words#@amf2000f#198.76#198.99
248,как-то,как-то,ADV,_,Degree=Pos,_,_,_,@amf2000f-words#@amf2000f#199.01#199.296
249,она,она,PRON,_,Case=Nom|Gender=Fem|Number=Sing|Person=3,_,_,_,@amf2000f-words#@amf2000f#199.296#199.582
250,сказала,сказать,VERB,_,Aspect=Perf|Gender=Fem|Mood=Ind|Number=Sing|Tense=Past|VerbForm=Fin|Voice=Act,_,_,_,@amf2000f-words#@amf2000f#199.582#199.868
251,/,/,PUNCT,_,_,_,_,_,@amf2000f-words#@amf2000f#199.868#200.154
252,#цокает#,#цокает#,NOUN,_,Animacy=Inan|Case=Gen|Gender=Fem|Number=Sing,_,_,_,@amf2000f-words#@amf2000f#200.154#200.44
253,/,/,PUNCT,_,_,_,_,_,@amf2000f-words#@amf2000f#200.44#200.726
254,вотс,вотс,INTJ,_,_,_,_,_,@amf2000f-words#@amf2000f#200.726#201.012
255,/,/,PUNCT,_,_,_,_,_,@amf2000f-words#@amf2000f#201.012#201.298
256,наплыв,наплыв,NOUN,_,Animacy=Inan|Case=Nom|Gender=Masc|Number=Sing,_,_,_,@amf2000f-words#@amf2000f#201.298#201.584
257,в,в,ADP,_,_,_,_,_,@amf2000f-words#@amf2000f#201.584#201.87
258,раздевалке,раздевалка,NOUN,_,Animacy=Inan|Case=Loc|Gender=Fem|Number=Sing,_,_,_,@amf2000f-words#@amf2000f#201.87#202.16
259,чтоб,чтобы,SCONJ,_,Mood=Cnd,_,_,_,@amf2000f-words#@amf2000f#280.86#281.12
260,ты,ты,PRON,_,Case=Nom|Number=Sing|Person=2,_,_,_,@amf2000f-words#@amf2000f#281.12#281.38
261,понимала,понимать,VERB,_,Aspect=Perf|Gender=Fem|Mood=Ind|Number=Sing|Tense=Pres|VerbForm=Fin|Voice=Act,_,_,_,@amf2000f-words#@amf2000f#281.38#281.64
262,/,/,PUNCT,_,_,_,_,_,@amf2000f-words#@amf2000f#281.64#281.9
263,в,в,ADP,_,_,_,_,_,@amf2000f-words#@amf2000f#281.9#282.16
264,эту,этот,DET,_,Case=Acc|Gender=Fem|Number=Sing,_,_,_,@amf2000f-words#@amf2000f#282.16#282.42
265,субботу,суббота,NOUN,_,Animacy=Inan|Case=Acc|Gender=Fem|Number=Sing,_,_,_,@amf2000f-words#@amf2000f#282.42#282.68
266,/,/,PUNCT,_,_,_,_,_,@amf2000f-words#@amf2000f#282.68#282.94
267,которая,который,PRON,_,Case=Nom,_,_,_,@amf2000f-words#@amf2000f#282.94#283.2
268,тренировка,тренировка,NOUN,_,Animacy=Inan|Case=Nom|Gender=Fem|Number=Sing,_,_,_,@amf2000f-words#@amf2000f#283.2#283.46
269,будет,быть,VERB,_,Aspect=Imp|Mood=Ind|Number=Sing|Person=3|Tense=Pres|VerbForm=Fin|Voice=Act,_,_,_,@amf2000f-words#@amf2000f#283.46#283.72
270,в,в,ADP,_,_,_,_,_,@amf2000f-words#@amf2000f#283.72#283.98
271,эту,этот,DET,_,Case=Acc|Gender=Fem|Number=Sing,_,_,_,@amf2000f-words#@amf2000f#283.98#284.24
272,она,она,PRON,_,Case=Nom|Gender=Fem|Number=Sing|Person=3,_,_,_,@amf2000f-words#@amf2000f#284.63#284.819
273,же,же,PART,_,_,_,_,_,@amf2000f-words#@amf2000f#284.819#285.008
274,/,/,PUNCT,_,_,_,_,_,@amf2000f-words#@amf2000f#285.008#285.197
275,её,она,PRON,_,Case=Gen|Gender=Fem|Number=Sing|Person=3,_,_,_,@amf2000f-words#@amf2000f#285.197#285.386
276,же,же,PART,_,_,_,_,_,@amf2000f-words#@amf2000f#285.386#285.575
277,не,не,PART,_,_,_,_,_,@amf2000f-words#@amf2000f#285.575#285.764
278,должно,должный,ADJ,_,Degree=Pos|Gender=Neut|Number=Sing|Variant=Short,_,_,_,@amf2000f-words#@amf2000f#285.764#285.953
279,было,быть,AUX,_,Aspect=Imp|Gender=Neut|Mood=Ind|Number=Sing|Tense=Past|VerbForm=Fin|Voice=Act,_,_,_,@amf2000f-words#@amf2000f#285.953#286.142
280,быть,быть,VERB,_,Aspect=Imp|VerbForm=Inf|Voice=Act,_,_,_,@amf2000f-words#@amf2000f#286.142#286.331
281,/,/,PUNCT,_,_,_,_,_,@amf2000f-words#@amf2000f#286.331#286.52
282,она,она,PRON,_,Case=Nom|Gender=Fem|Number=Sing|Person=3,_,_,_,@amf2000f-words#@amf2000f#286.52#286.709
283,говорила,говорить,VERB,_,Aspect=Imp|Gender=Fem|Mood=Ind|Number=Sing|Tense=Past|VerbForm=Fin|Voice=Act,_,_,_,@amf2000f-words#@amf2000f#286.709#286.898
284,что,что,SCONJ,_,_,_,_,_,@amf2000f-words#@amf2000f#286.898#287.087
285,она,она,PRON,_,Case=Nom|Gender=Fem|Number=Sing|Person=3,_,_,_,@amf2000f-words#@amf2000f#287.087#287.276
286,будет,быть,VERB,_,Aspect=Imp|Mood=Ind|Number=Sing|Person=3|Tense=Pres|VerbForm=Fin|Voice=Act,_,_,_,@amf2000f-words#@amf2000f#287.276#287.465
287,в,в,ADP,_,_,_,_,_,@amf2000f-words#@amf2000f#287.465#287.654
288,пятницу,пятница,NOUN,_,Animacy=Inan|Case=Acc|Gender=Fem|Number=Sing,_,_,_,@amf2000f-words#@amf2000f#287.654#287.85
289,помнишь,помнить,VERB,_,Aspect=Perf|Mood=Ind|Number=Sing|Person=2|Tense=Pres|VerbForm=Fin|Voice=Act,_,_,_,@amf2000f-words#@amf2000f#288.32#289.03
290,ну,ну,PART,_,_,_,_,_,@amf2000f-words#@amf2000f#289.51#289.787
291,/,/,PUNCT,_,_,_,_,_,@amf2000f-words#@amf2000f#289.787#290.064
292,типо,типо,INTJ,_,_,_,_,_,@amf2000f-words#@amf2000f#290.064#290.341
293,у,у,ADP,_,_,_,_,_,@amf2000f-words#@amf2000f#290.341#290.618
294,нас,мы,PRON,_,Case=Gen|Number=Plur|Person=1,_,_,_,@amf2000f-words#@amf2000f#290.618#290.895
295,третьего,третий,ADJ,_,Case=Gen|Degree=Pos|Gender=Neut|Number=Sing,_,_,_,@amf2000f-words#@amf2000f#290.895#291.172
296,соревнования,соревнование,NOUN,_,Animacy=Inan|Case=Gen|Gender=Neut|Number=Sing,_,_,_,@amf2000f-words#@amf2000f#291.172#291.449
297,/,/,PUNCT,_,_,_,_,_,@amf2000f-words#@amf2000f#291.449#291.726
298,а,а,CCONJ,_,_,_,_,_,@amf2000f-words#@amf2000f#291.726#292.003
299,второго,второй,ADJ,_,Case=Gen|Degree=Pos|Gender=Neut|Number=Sing,_,_,_,@amf2000f-words#@amf2000f#292.003#292.28
300,она,она,PRON,_,Case=Nom|Gender=Fem|Number=Sing|Person=3,_,_,_,@amf2000f-words#@amf2000f#292.28#292.557
301,поставила,ставить,VERB,_,Aspect=Perf|Gender=Fem|Mood=Ind|Number=Sing|Tense=Past|VerbForm=Fin|Voice=Act,_,_,_,@amf2000f-words#@amf2000f#292.557#292.834
302,тренировку,тренировка,NOUN,_,Animacy=Inan|Case=Acc|Gender=Fem|Number=Sing,_,_,_,@amf2000f-words#@amf2000f#292.834#293.12
303,и,и,CCONJ,_,_,_,_,_,@amf2000f-words#@amf2000f#293.63#293.947
304,ночью,ночь,NOUN,_,Animacy=Inan|Case=Ins|Gender=Fem|Number=Sing,_,_,_,@amf2000f-words#@amf2000f#293.947#294.264
305,мы,мы,PRON,_,Case=Nom|Number=Plur|Person=1,_,_,_,@amf2000f-words#@amf2000f#294.264#294.581
306,уезжаем,уезжать,VERB,_,Aspect=Imp|Mood=Ind|Number=Plur|Person=1|Tense=Pres|VerbForm=Fin|Voice=Act,_,_,_,@amf2000f-words#@amf2000f#294.581#294.9
307,чтоб,чтобы,SCONJ,_,Mood=Cnd,_,_,_,@amf2000f-words#@amf2000f#296.67#296.838
308,ты,ты,PRON,_,Case=Nom|Number=Sing|Person=2,_,_,_,@amf2000f-words#@amf2000f#296.838#297.006
309,понимала,понимать,VERB,_,Aspect=Imp|Gender=Fem|Mood=Ind|Number=Sing|Tense=Past|VerbForm=Fin|Voice=Act,_,_,_,@amf2000f-words#@amf2000f#297.006#297.174
310,/,/,PUNCT,_,_,_,_,_,@amf2000f-words#@amf2000f#297.174#297.342
311,у,у,ADP,_,_,_,_,_,@amf2000f-words#@amf2000f#297.342#297.51
312,меня,я,PRON,_,Case=Gen|Number=Sing|Person=1,_,_,_,@amf2000f-words#@amf2000f#297.51#297.678
313,в,в,ADP,_,_,_,_,_,@amf2000f-words#@amf2000f#297.678#297.846
314,это,этот,DET,_,Case=Acc|Gender=Neut|Number=Sing,_,_,_,@amf2000f-words#@amf2000f#297.846#298.014
315,время,время,NOUN,_,Animacy=Inan|Case=Acc|Gender=Neut|Number=Sing,_,_,_,@amf2000f-words#@amf2000f#298.014#298.182
316,мама,мама,NOUN,_,Animacy=Anim|Case=Nom|Gender=Fem|Number=Sing,_,_,_,@amf2000f-words#@amf2000f#298.182#298.35
317,/,/,PUNCT,_,_,_,_,_,@amf2000f-words#@amf2000f#298.35#298.518
318,приезжает,приезжать,VERB,_,Aspect=Imp|Mood=Ind|Number=Sing|Person=3|Tense=Pres|VerbForm=Fin|Voice=Act,_,_,_,@amf2000f-words#@amf2000f#298.518#298.686
319,/,/,PUNCT,_,_,_,_,_,@amf2000f-words#@amf2000f#298.686#298.854
320,и,и,CCONJ,_,_,_,_,_,@amf2000f-words#@amf2000f#298.854#299.022
321,я,я,PRON,_,Case=Nom|Number=Sing|Person=1,_,_,_,@amf2000f-words#@amf2000f#299.022#299.19
322,ей,она,PRON,_,Case=Dat|Gender=Fem|Number=Sing|Person=3,_,_,_,@amf2000f-words#@amf2000f#299.19#299.358
323,сказала,сказать,VERB,_,Aspect=Perf|Gender=Fem|Mood=Ind|Number=Sing|Tense=Past|VerbForm=Fin|Voice=Act,_,_,_,@amf2000f-words#@amf2000f#299.358#299.526
324,что,что,SCONJ,_,_,_,_,_,@amf2000f-words#@amf2000f#299.526#299.694
325,/,/,PUNCT,_,_,_,_,_,@amf2000f-words#@amf2000f#299.694#299.862
326,да,да,PART,_,_,_,_,_,@amf2000f-words#@amf2000f#299.862#300.03
327,/,/,PUNCT,_,_,_,_,_,@amf2000f-words#@amf2000f#300.03#300.198
328,мам,мам,NOUN,_,Animacy=Anim|Case=Nom|Gender=Fem|Number=Sing,_,_,_,@amf2000f-words#@amf2000f#300.198#300.366
329,/,/,PUNCT,_,_,_,_,_,@amf2000f-words#@amf2000f#300.366#300.534
330,я,я,PRON,_,Case=Nom|Number=Sing|Person=1,_,_,_,@amf2000f-words#@amf2000f#300.534#300.702
331,тебя,ты,PRON,_,Case=Acc|Number=Sing|Person=2,_,_,_,@amf2000f-words#@amf2000f#300.702#300.87
332,встречу,встретить,VERB,_,Aspect=Imp|Mood=Ind|Number=Sing|Person=1|Tense=Fut|VerbForm=Fin|Voice=Act,_,_,_,@amf2000f-words#@amf2000f#300.87#301.06
333,Екатерина,Екатерина,PROPN,_,Animacy=Anim|Case=Nom|Gender=Fem|Number=Sing,_,_,_,@amf2000f-words#@amf2000f#301.18#301.405
334,ж,же,PART,_,_,_,_,_,@amf2000f-words#@amf2000f#301.405#301.63
335,не,не,PART,_,_,_,_,_,@amf2000f-words#@amf2000f#301.63#301.855
336,говорила,говорить,VERB,_,Aspect=Imp|Gender=Fem|Mood=Ind|Number=Sing|Tense=Past|VerbForm=Fin|Voice=Act,_,_,_,@amf2000f-words#@amf2000f#301.855#302.08
337,про,про,ADP,_,_,_,_,_,@amf2000f-words#@amf2000f#302.08#302.305
338,эту,этот,DET,_,Case=Acc|Gender=Fem|Number=Sing,_,_,_,@amf2000f-words#@amf2000f#302.305#302.53
339,треню,тренировка,NOUN,_,Animacy=Inan|Case=Acc|Gender=Fem|Number=Sing,_,_,_,@amf2000f-words#@amf2000f#302.53#302.755
340,/,/,PUNCT,_,_,_,_,_,@amf2000f-words#@amf2000f#302.755#302.98
341,она,она,PRON,_,Case=Nom|Gender=Fem|Number=Sing|Person=3,_,_,_,@amf2000f-words#@amf2000f#302.98#303.205
342,поставила,ставить,VERB,_,Aspect=Perf|Gender=Fem|Mood=Ind|Number=Sing|Tense=Past|VerbForm=Fin|Voice=Act,_,_,_,@amf2000f-words#@amf2000f#303.205#303.43
343,[нрзб],[нрзб],PUNCT,_,_,_,_,_,@amf2000f-words#@amf2000f#303.43#303.66
344,щас,сейчас,ADV,_,Degree=Pos,_,_,_,@amf2000f-words#@amf2000f#303.88#304.08
345,буду,быть,AUX,_,Aspect=Imp|Mood=Ind|Number=Sing|Person=1|Tense=Pres|VerbForm=Fin|Voice=Act,_,_,_,@amf2000f-words#@amf2000f#304.08#304.28
346,звонить,звонить,VERB,_,Aspect=Imp|VerbForm=Inf|Voice=Act,_,_,_,@amf2000f-words#@amf2000f#304.28#304.48
347,маме,мама,NOUN,_,Animacy=Anim|Case=Dat|Gender=Fem|Number=Sing,_,_,_,@amf2000f-words#@amf2000f#304.48#304.68
348,/,/,PUNCT,_,_,_,_,_,@amf2000f-words#@amf2000f#304.68#304.88
349,скажу,сказать,VERB,_,Aspect=Perf|Mood=Ind|Number=Sing|Person=1|Tense=Fut|VerbForm=Fin|Voice=Act,_,_,_,@amf2000f-words#@amf2000f#304.88#305.08
350,/,/,PUNCT,_,_,_,_,_,@amf2000f-words#@amf2000f#305.08#305.28
351,что,что,SCONJ,_,_,_,_,_,@amf2000f-words#@amf2000f#305.28#305.48
352,я,я,PRON,_,Case=Nom|Number=Sing|Person=1,_,_,_,@amf2000f-words#@amf2000f#305.48#305.68
353,не,не,PART,_,_,_,_,_,@amf2000f-words#@amf2000f#305.68#305.88
354,встречаю,встречать,VERB,_,Aspect=Imp|Mood=Ind|Number=Sing|Person=1|Tense=Pres|VerbForm=Fin|Voice=Act,_,_,_,@amf2000f-words#@amf2000f#305.88#306.08
355,чё,что,SCONJ,_,_,_,_,_,@amf2000f-words#@amf2000f#308.03#308.35
356,она,она,PRON,_,Case=Nom|Gender=Fem|Number=Sing|Person=3,_,_,_,@amf2000f-words#@amf2000f#308.35#308.67
357,скажет,сказать,VERB,_,Aspect=Perf|Mood=Ind|Number=Sing|Person=3|Tense=Fut|VerbForm=Fin|Voice=Act,_,_,_,@amf2000f-words#@amf2000f#308.67#308.99
358,я,я,PRON,_,Case=Nom|Number=Sing|Person=1,_,_,_,@amf2000f-words#@amf2000f#309.46#309.697
359,просто,просто,PART,_,_,_,_,_,@amf2000f-words#@amf2000f#309.697#309.934
360,и,и,PART,_,_,_,_,_,@amf2000f-words#@amf2000f#309.934#310.171
361,так,так,ADV,_,Degree=Pos,_,_,_,@amf2000f-words#@amf2000f#310.171#310.408
362,в,в,ADP,_,_,_,_,_,@amf2000f-words#@amf2000f#310.408#310.645
363,орево,орево,PROPN,_,Animacy=Inan|Case=Acc|Gender=Neut|Number=Sing,_,_,_,@amf2000f-words#@amf2000f#310.645#310.882
364,уезжаю,уезжать,VERB,_,Aspect=Imp|Mood=Ind|Number=Sing|Person=1|Tense=Pres|VerbForm=Fin|Voice=Act,_,_,_,@amf2000f-words#@amf2000f#310.882#311.12
365,даа,даа,INTJ,_,_,_,_,_,@amf2000f-words#@amf2000f#316.33#316.75
366,да,да,INTJ,_,_,_,_,_,@amf2000f-words#@amf2000f#320.73#320.993
367,я,я,PRON,_,Case=Nom|Number=Sing|Person=1,_,_,_,@amf2000f-words#@amf2000f#320.993#321.256
368,блять,блять,INTJ,_,_,_,_,_,@amf2000f-words#@amf2000f#321.256#321.519
369,уйду,уйти,VERB,_,Aspect=Perf|Mood=Ind|Number=Sing|Person=1|Tense=Fut|VerbForm=Fin|Voice=Act,_,_,_,@amf2000f-words#@amf2000f#321.519#321.782
370,/,/,PUNCT,_,_,_,_,_,@amf2000f-words#@amf2000f#321.782#322.045
371,Алён,Алёна,PROPN,_,Animacy=Anim|Case=AVoc|Gender=Fem|Number=Sing,_,_,_,@amf2000f-words#@amf2000f#322.045#322.308
372,/,/,PUNCT,_,_,_,_,_,@amf2000f-words#@amf2000f#322.308#322.571
373,после,после,ADP,_,_,_,_,_,@amf2000f-words#@amf2000f#322.571#322.834
374,этого,это,DET,_,Case=Gen|Gender=Masc|Number=Sing,_,_,_,@amf2000f-words#@amf2000f#322.834#323.097
375,сезона,сезон,NOUN,_,Animacy=Inan|Case=Gen|Gender=Masc|Number=Sing,_,_,_,@amf2000f-words#@amf2000f#323.097#323.36
376,нормаль..,нормаль..,X,_,_,_,_,_,@asm1997f-words#@asm1997f#33.16#33.457
377,/,/,PUNCT,_,_,_,_,_,@asm1997f-words#@asm1997f#33.457#33.754
378,и,и,CCONJ,_,_,_,_,_,@asm1997f-words#@asm1997f#33.754#34.051
379,у,у,ADP,_,_,_,_,_,@asm1997f-words#@asm1997f#34.051#34.348
380,нас,мы,PRON,_,Case=Gen|Number=Plur|Person=1,_,_,_,@asm1997f-words#@asm1997f#34.348#34.645
381,чисто,чисто,INTJ,_,_,_,_,_,@asm1997f-words#@asm1997f#34.645#34.942
382,тренер,тренер,NOUN,_,Animacy=Anim|Case=Nom|Gender=Masc|Number=Sing,_,_,_,@asm1997f-words#@asm1997f#34.942#35.239
383,не,не,PART,_,_,_,_,_,@asm1997f-words#@asm1997f#35.239#35.536
384,может,мочь,VERB,_,Aspect=Imp|Mood=Ind|Number=Sing|Person=3|Tense=Pres|VerbForm=Fin|Voice=Act,_,_,_,@asm1997f-words#@asm1997f#35.536#35.833
385,заниматься,заниматься,VERB,_,Aspect=Imp|VerbForm=Inf|Voice=Mid,_,_,_,@asm1997f-words#@asm1997f#35.833#36.13
386,в,в,ADP,_,_,_,_,_,@asm1997f-words#@asm1997f#36.13#36.427
387,зале,зал,NOUN,_,Animacy=Inan|Case=Loc|Gender=Masc|Number=Sing,_,_,_,@asm1997f-words#@asm1997f#36.427#36.73
388,она,она,PRON,_,Case=Nom|Gender=Fem|Number=Sing|Person=3,_,_,_,@asm1997f-words#@asm1997f#37.99#38.273
389,ж,же,PART,_,_,_,_,_,@asm1997f-words#@asm1997f#38.273#38.556
390,сёдня,сегодня,ADV,_,Degree=Pos,_,_,_,@asm1997f-words#@asm1997f#38.556#38.839
391,написала,писать,VERB,_,Aspect=Perf|Gender=Fem|Mood=Ind|Number=Sing|Tense=Past|VerbForm=Fin|Voice=Act,_,_,_,@asm1997f-words#@asm1997f#38.839#39.122
392,/,/,PUNCT,_,_,_,_,_,@asm1997f-words#@asm1997f#39.122#39.405
393,что,что,SCONJ,_,_,_,_,_,@asm1997f-words#@asm1997f#39.405#39.688
394,а,а,INTJ,_,_,_,_,_,@asm1997f-words#@asm1997f#39.688#39.971
395,/,/,PUNCT,_,_,_,_,_,@asm1997f-words#@asm1997f#39.971#40.254
396,типо,типо,INTJ,_,_,_,_,_,@asm1997f-words#@asm1997f#40.254#40.537
397,Татьяна,Татьяна,PROPN,_,Animacy=Anim|Case=Nom|Gender=Fem|Number=Sing,_,_,_,@asm1997f-words#@asm1997f#40.537#40.82
398,Владимировна,Владимировна,PROPN,_,Animacy=Anim|Case=Nom|Gender=Fem|Number=Sing,_,_,_,@asm1997f-words#@asm1997f#40.82#41.103
399,нашла,найти,VERB,_,Aspect=Perf|Gender=Fem|Mood=Ind|Number=Sing|Tense=Past|VerbForm=Fin|Voice=Act,_,_,_,@asm1997f-words#@asm1997f#41.103#41.386
400,выход,выход,NOUN,_,Animacy=Inan|Case=Acc|Gender=Masc|Number=Sing,_,_,_,@asm1997f-words#@asm1997f#41.386#41.669
401,только,только,PART,_,_,_,_,_,@asm1997f-words#@asm1997f#41.669#41.952
402,в,в,ADP,_,_,_,_,_,@asm1997f-words#@asm1997f#41.952#42.235
403,том,то,PRON,_,Animacy=Inan|Case=Loc|Gender=Neut|Number=Sing,_,_,_,@asm1997f-words#@asm1997f#42.235#42.518
404,/,/,PUNCT,_,_,_,_,_,@asm1997f-words#@asm1997f#42.518#42.801
405,чтобы,чтобы,SCONJ,_,Mood=Cnd,_,_,_,@asm1997f-words#@asm1997f#42.801#43.084
406,те,тот,DET,_,Case=Nom|Number=Plur,_,_,_,@asm1997f-words#@asm1997f#43.084#43.367
407,кто,кто,PRON,_,Case=Nom,_,_,_,@asm1997f-words#@asm1997f#43.367#43.65
408,не,не,PART,_,_,_,_,_,@asm1997f-words#@asm1997f#43.65#43.933
409,студенты,студент,NOUN,_,Animacy=Anim|Case=Nom|Gender=Masc|Number=Plur,_,_,_,@asm1997f-words#@asm1997f#43.933#44.216
410,/,/,PUNCT,_,_,_,_,_,@asm1997f-words#@asm1997f#44.216#44.499
411,будут,быть,AUX,_,Aspect=Imp|Mood=Ind|Number=Plur|Person=3|Tense=Pres|VerbForm=Fin|Voice=Act,_,_,_,@asm1997f-words#@asm1997f#44.499#44.782
412,покупать,покупать,VERB,_,Aspect=Imp|VerbForm=Inf|Voice=Act,_,_,_,@asm1997f-words#@asm1997f#44.782#45.065
413,абонемент,абонемент,NOUN,_,Animacy=Inan|Case=Acc|Gender=Masc|Number=Sing,_,_,_,@asm1997f-words#@asm1997f#45.065#45.348
414,на,на,ADP,_,_,_,_,_,@asm1997f-words#@asm1997f#45.348#45.631
415,занятие,занятие,NOUN,_,Animacy=Inan|Case=Acc|Gender=Neut|Number=Sing,_,_,_,@asm1997f-words#@asm1997f#45.631#45.914
416,в,в,ADP,_,_,_,_,_,@asm1997f-words#@asm1997f#45.914#46.197
417,манеже,манеж,NOUN,_,Animacy=Inan|Case=Loc|Gender=Masc|Number=Sing,_,_,_,@asm1997f-words#@asm1997f#46.197#46.49
418,да,да,INTJ,_,_,_,_,_,@asm1997f-words#@asm1997f#50.45#50.727
419,/,/,PUNCT,_,_,_,_,_,@asm1997f-words#@asm1997f#50.727#51.004
420,и,и,CCONJ,_,_,_,_,_,@asm1997f-words#@asm1997f#51.004#51.281
421,типо,типо,INTJ,_,_,_,_,_,@asm1997f-words#@asm1997f#51.281#51.558
422,токо,только,PART,_,_,_,_,_,@asm1997f-words#@asm1997f#51.558#51.835
423,по,по,ADP,_,_,_,_,_,@asm1997f-words#@asm1997f#51.835#52.112
424,субботам,суббота,NOUN,_,Animacy=Inan|Case=Dat|Gender=Fem|Number=Plur,_,_,_,@asm1997f-words#@asm1997f#52.112#52.389
425,мы,мы,PRON,_,Case=Nom|Number=Plur|Person=1,_,_,_,@asm1997f-words#@asm1997f#52.389#52.666
426,можем,мочь,VERB,_,Aspect=Imp|Mood=Ind|Number=Plur|Person=1|Tense=Pres|VerbForm=Fin|Voice=Act,_,_,_,@asm1997f-words#@asm1997f#52.666#52.943
427,вместе,вместе,ADV,_,Degree=Pos,_,_,_,@asm1997f-words#@asm1997f#52.943#53.22
428,заниматься,заниматься,VERB,_,Aspect=Imp|VerbForm=Inf|Voice=Mid,_,_,_,@asm1997f-words#@asm1997f#53.22#53.5
429,даже,даже,PART,_,_,_,_,_,@asm1997f-words#@asm1997f#58.95#59.306
430,катя,катя,PROPN,_,Animacy=Anim|Case=Acc|Gender=Fem|Number=Sing,_,_,_,@asm1997f-words#@asm1997f#59.306#59.662
431,не,не,PART,_,_,_,_,_,@asm1997f-words#@asm1997f#59.662#60.018
432,может,мочь,VERB,_,Aspect=Imp|Mood=Ind|Number=Sing|Person=3|Tense=Pres|VerbForm=Fin|Voice=Mid,_,_,_,@asm1997f-words#@asm1997f#60.018#60.374
433,прийти,прийти,VERB,_,Aspect=Perf|VerbForm=Inf|Voice=Act,_,_,_,@asm1997f-words#@asm1997f#60.374#60.73
434,ну,ну,PART,_,_,_,_,_,@asm1997f-words#@asm1997f#62.29#62.496
435,она,она,PRON,_,Case=Nom|Gender=Fem|Number=Sing|Person=3,_,_,_,@asm1997f-words#@asm1997f#62.496#62.702
436,ж,же,PART,_,_,_,_,_,@asm1997f-words#@asm1997f#62.702#62.908
437,тоже,тоже,PART,_,_,_,_,_,@asm1997f-words#@asm1997f#62.908#63.114
438,уже,уже,ADV,_,Degree=Pos,_,_,_,@asm1997f-words#@asm1997f#63.114#63.32
439,не,не,PART,_,_,_,_,_,@asm1997f-words#@asm1997f#63.32#63.526
440,студентка,студентка,NOUN,_,Animacy=Anim|Case=Nom|Gender=Fem|Number=Sing,_,_,_,@asm1997f-words#@asm1997f#63.526#63.732
441,/,/,PUNCT,_,_,_,_,_,@asm1997f-words#@asm1997f#63.732#63.938
442,она,она,PRON,_,Case=Nom|Gender=Fem|Number=Sing|Person=3,_,_,_,@asm1997f-words#@asm1997f#63.938#64.144
443,всё,все,PRON,_,Animacy=Inan|Case=Acc|Gender=Neut|Number=Sing,_,_,_,@asm1997f-words#@asm1997f#64.144#64.35
444,/,/,PUNCT,_,_,_,_,_,@asm1997f-words#@asm1997f#64.35#64.556
445,закончила,закончить,VERB,_,Aspect=Perf|Gender=Fem|Mood=Ind|Number=Sing|Tense=Past|VerbForm=Fin|Voice=Act,_,_,_,@asm1997f-words#@asm1997f#64.556#64.77
446,подожди,подождать,VERB,_,Aspect=Perf|Mood=Ind|Number=Sing|Tense=Pres|VerbForm=Fin|Voice=Act|Person=2,_,_,_,@asm1997f-words#@asm1997f#66.49#66.771
447,/,/,PUNCT,_,_,_,_,_,@asm1997f-words#@asm1997f#66.771#67.052
448,а,а,CCONJ,_,_,_,_,_,@asm1997f-words#@asm1997f#67.052#67.333
449,тебя,ты,PRON,_,Case=Gen|Number=Sing|Person=2,_,_,_,@asm1997f-words#@asm1997f#67.333#67.614
450,не,не,PART,_,_,_,_,_,@asm1997f-words#@asm1997f#67.614#67.895
451,было,быть,VERB,_,Aspect=Imp|Gender=Neut|Mood=Ind|Number=Sing|Tense=Past|VerbForm=Fin|Voice=Act,_,_,_,@asm1997f-words#@asm1997f#67.895#68.176
452,ну,ну,PART,_,_,_,_,_,@asm1997f-words#@asm1997f#68.176#68.457
453,/,/,PUNCT,_,_,_,_,_,@asm1997f-words#@asm1997f#68.457#68.738
454,когда,когда,SCONJ,_,_,_,_,_,@asm1997f-words#@asm1997f#68.738#69.019
455,она,она,PRON,_,Case=Nom|Gender=Fem|Number=Sing|Person=3,_,_,_,@asm1997f-words#@asm1997f#69.019#69.3
456,рассказывала,рассказывать,VERB,_,Aspect=Imp|Gender=Fem|Mood=Ind|Number=Sing|Tense=Past|VerbForm=Fin|Voice=Act,_,_,_,@asm1997f-words#@asm1997f#69.3#69.581
457,после,после,ADP,_,_,_,_,_,@asm1997f-words#@asm1997f#69.581#69.862
458,тренировки,тренировка,NOUN,_,Animacy=Inan|Case=Gen|Gender=Fem|Number=Sing,_,_,_,@asm1997f-words#@asm1997f#69.862#70.143
459,про,про,ADP,_,_,_,_,_,@asm1997f-words#@asm1997f#70.143#70.424
460,эту,этот,DET,_,Case=Acc|Gender=Fem|Number=Sing,_,_,_,@asm1997f-words#@asm1997f#70.424#70.705
461,систему,система,NOUN,_,Animacy=Inan|Case=Acc|Gender=Fem|Number=Sing,_,_,_,@asm1997f-words#@asm1997f#70.705#71.0
462,ты,ты,PRON,_,Case=Nom|Number=Sing|Person=2,_,_,_,@asm1997f-words#@asm1997f#71.38#71.955
463,убежала,убежать,VERB,_,Aspect=Perf|Gender=Fem|Mood=Ind|Number=Sing|Tense=Past|VerbForm=Fin|Voice=Act,_,_,_,@asm1997f-words#@asm1997f#71.955#72.53
464,да,да,PART,_,_,_,_,_,@asm1997f-words#@asm1997f#72.7#72.993
465,короче,короче,PART,_,_,_,_,_,@asm1997f-words#@asm1997f#72.993#73.286
466,/,/,PUNCT,_,_,_,_,_,@asm1997f-words#@asm1997f#73.286#73.579
467,оказывается,оказываться,VERB,_,Aspect=Imp|Mood=Ind|Number=Sing|Person=3|Tense=Pres|VerbForm=Fin|Voice=Mid,_,_,_,@asm1997f-words#@asm1997f#73.579#73.872
468,/,/,PUNCT,_,_,_,_,_,@asm1997f-words#@asm1997f#73.872#74.165
469,что,что,SCONJ,_,_,_,_,_,@asm1997f-words#@asm1997f#74.165#74.458
470,/,/,PUNCT,_,_,_,_,_,@asm1997f-words#@asm1997f#74.458#74.751
471,а,а,INTJ,_,_,_,_,_,@asm1997f-words#@asm1997f#74.751#75.044
472,теперь,теперь,ADV,_,Degree=Pos,_,_,_,@asm1997f-words#@asm1997f#75.044#75.337
473,/,/,PUNCT,_,_,_,_,_,@asm1997f-words#@asm1997f#75.337#75.63
474,ну,ну,PART,_,_,_,_,_,@asm1997f-words#@asm1997f#75.63#75.923
475,/,/,PUNCT,_,_,_,_,_,@asm1997f-words#@asm1997f#75.923#76.216
476,к,к,ADP,_,_,_,_,_,@asm1997f-words#@asm1997f#76.216#76.509
477,нашей,наш,DET,_,Case=Dat|Gender=Fem|Number=Sing,_,_,_,@asm1997f-words#@asm1997f#76.509#76.802
478,секции,секция,NOUN,_,Animacy=Inan|Case=Dat|Gender=Fem|Number=Sing,_,_,_,@asm1997f-words#@asm1997f#76.802#77.095
479,очень,очень,ADV,_,Degree=Pos,_,_,_,@asm1997f-words#@asm1997f#77.095#77.388
480,сильно,сильно,ADV,_,Degree=Pos,_,_,_,@asm1997f-words#@asm1997f#77.388#77.681
481,придирается,придираться,VERB,_,Aspect=Imp|Mood=Ind|Number=Sing|Person=3|Tense=Pres|VerbForm=Fin|Voice=Pass,_,_,_,@asm1997f-words#@asm1997f#77.681#77.974
482,кафедра,кафедра,NOUN,_,Animacy=Inan|Case=Nom|Gender=Fem|Number=Sing,_,_,_,@asm1997f-words#@asm1997f#77.974#78.267
483,физры,физкультуры,NOUN,_,Animacy=Inan|Case=Gen|Gender=Fem|Number=Sing,_,_,_,@asm1997f-words#@asm1997f#78.267#78.56
484,/,/,PUNCT,_,_,_,_,_,@asm1997f-words#@asm1997f#78.56#78.853
485,и,и,CCONJ,_,_,_,_,_,@asm1997f-words#@asm1997f#78.853#79.146
486,они,они,PRON,_,Case=Nom|Number=Plur|Person=3,_,_,_,@asm1997f-words#@asm1997f#79.146#79.439
487,постоянно,постоянно,ADV,_,Degree=Pos,_,_,_,@asm1997f-words#@asm1997f#79.439#79.732
488,на,на,ADP,_,_,_,_,_,@asm1997f-words#@asm1997f#79.732#80.025
489,татьяну,татьяна,PROPN,_,Animacy=Anim|Case=Acc|Gender=Fem|Number=Sing,_,_,_,@asm1997f-words#@asm1997f#80.025#80.318
490,владимировну,владимировна,PROPN,_,Animacy=Anim|Case=Acc|Gender=Fem|Number=Sing,_,_,_,@asm1997f-words#@asm1997f#80.318#80.611
491,катят,катать,VERB,_,Aspect=Imp|Mood=Ind|Number=Plur|Person=3|Tense=Pres|VerbForm=Fin|Voice=Act,_,_,_,@asm1997f-words#@asm1997f#80.611#80.904
492,бочку,бочка,NOUN,_,Animacy=Inan|Case=Acc|Gender=Fem|Number=Sing,_,_,_,@asm1997f-words#@asm1997f#80.904#81.197
493,/,/,PUNCT,_,_,_,_,_,@asm1997f-words#@asm1997f#81.197#81.49
494,ну,ну,PART,_,_,_,_,_,@asm1997f-words#@asm1997f#81.49#81.783
495,/,/,PUNCT,_,_,_,_,_,@asm1997f-words#@asm1997f#81.783#82.076
496,не,не,PART,_,_,_,_,_,@asm1997f-words#@asm1997f#82.076#82.369
497,знаю,знать,VERB,_,Aspect=Imp|Mood=Ind|Number=Sing|Person=1|Tense=Pres|VerbForm=Fin|Voice=Act,_,_,_,@asm1997f-words#@asm1997f#82.369#82.662
498,/,/,PUNCT,_,_,_,_,_,@asm1997f-words#@asm1997f#82.662#82.955
499,что-то,что-то,PRON,_,Case=Acc,_,_,_,@asm1997f-words#@asm1997f#82.955#83.248
500,им,он,PRON,_,Case=Dat|Number=Plur|Person=3,_,_,_,@asm1997f-words#@asm1997f#83.248#83.541
501,не,не,PART,_,_,_,_,_,@asm1997f-words#@asm1997f#83.541#83.834
502,нравится,нравиться,VERB,_,Aspect=Imp|Mood=Ind|Number=Sing|Person=3|Tense=Pres|VerbForm=Fin|Voice=Mid,_,_,_,@asm1997f-words#@asm1997f#83.834#84.14
503,возможно,возможно,ADV,_,Degree=Pos,_,_,_,@asm1997f-words#@asm1997f#85.95#86.226
504,/,/,PUNCT,_,_,_,_,_,@asm1997f-words#@asm1997f#86.226#86.502
505,и,и,CCONJ,_,_,_,_,_,@asm1997f-words#@asm1997f#86.502#86.778
506,короче,короче,PART,_,_,_,_,_,@asm1997f-words#@asm1997f#86.778#87.054
507,они,они,PRON,_,Case=Nom|Number=Plur|Person=3,_,_,_,@asm1997f-words#@asm1997f#87.054#87.33
508,сказали,сказать,VERB,_,Aspect=Perf|Mood=Ind|Number=Plur|Tense=Past|VerbForm=Fin|Voice=Act,_,_,_,@asm1997f-words#@asm1997f#87.33#87.606
509,что,что,SCONJ,_,_,_,_,_,@asm1997f-words#@asm1997f#87.606#87.882
510,те,тот,DET,_,Case=Nom|Number=Plur,_,_,_,@asm1997f-words#@asm1997f#87.882#88.158
511,кто,кто,PRON,_,Case=Nom,_,_,_,@asm1997f-words#@asm1997f#88.158#88.434
512,не,не,PART,_,_,_,_,_,@asm1997f-words#@asm1997f#88.434#88.71
513,студенты,студент,NOUN,_,Animacy=Anim|Case=Nom|Gender=Masc|Number=Plur,_,_,_,@asm1997f-words#@asm1997f#88.71#88.986
514,/,/,PUNCT,_,_,_,_,_,@asm1997f-words#@asm1997f#88.986#89.262
515,больше,больше,ADV,_,Degree=Cmp,_,_,_,@asm1997f-words#@asm1997f#89.262#89.538
516,не,не,PART,_,_,_,_,_,@asm1997f-words#@asm1997f#89.538#89.814
517,могут,мочь,VERB,_,Aspect=Imp|Mood=Ind|Number=Plur|Person=3|Tense=Pres|VerbForm=Fin|Voice=Act,_,_,_,@asm1997f-words#@asm1997f#89.814#90.09
518,заниматься,заниматься,VERB,_,Aspect=Imp|VerbForm=Inf|Voice=Mid,_,_,_,@asm1997f-words#@asm1997f#90.09#90.37
519,и,и,PART,_,_,_,_,_,@asm1997f-words#@asm1997f#91.56#91.819
520,типо,типо,INTJ,_,_,_,_,_,@asm1997f-words#@asm1997f#91.819#92.078
521,если,если,SCONJ,_,_,_,_,_,@asm1997f-words#@asm1997f#92.078#92.337
522,что,что,PRON,_,Case=Acc,_,_,_,@asm1997f-words#@asm1997f#92.337#92.596
523,/,/,PUNCT,_,_,_,_,_,@asm1997f-words#@asm1997f#92.596#92.855
524,если,если,SCONJ,_,_,_,_,_,@asm1997f-words#@asm1997f#92.855#93.114
525,вдруг,вдруг,ADV,_,Degree=Pos,_,_,_,@asm1997f-words#@asm1997f#93.114#93.373
526,нас,мы,PRON,_,Case=Acc|Number=Plur|Person=1,_,_,_,@asm1997f-words#@asm1997f#93.373#93.632
527,кто-нибудь,кто-нибудь,PRON,_,Case=Nom,_,_,_,@asm1997f-words#@asm1997f#93.632#93.891
528,там,там,ADV,_,Degree=Pos,_,_,_,@asm1997f-words#@asm1997f#93.891#94.15
529,в,в,ADP,_,_,_,_,_,@asm1997f-words#@asm1997f#94.15#94.409
530,СК,СК,PROPN,_,Animacy=Inan|Case=Loc|Gender=Masc|Number=Sing,_,_,_,@asm1997f-words#@asm1997f#94.409#94.668
531,остановит,остановить,VERB,_,Aspect=Perf|Mood=Ind|Number=Sing|Person=3|Tense=Fut|VerbForm=Fin|Voice=Act,_,_,_,@asm1997f-words#@asm1997f#94.668#94.927
532,/,/,PUNCT,_,_,_,_,_,@asm1997f-words#@asm1997f#94.927#95.186
533,начну...,начну...,X,_,_,_,_,_,@asm1997f-words#@asm1997f#95.186#95.445
534,начнут,начать,VERB,_,Aspect=Perf|Mood=Ind|Number=Plur|Person=3|Tense=Fut|VerbForm=Fin|Voice=Act,_,_,_,@asm1997f-words#@asm1997f#95.445#95.704
535,спрашивать,спрашивать,VERB,_,Aspect=Imp|VerbForm=Inf|Voice=Act,_,_,_,@asm1997f-words#@asm1997f#95.704#95.963
536,про,про,ADP,_,_,_,_,_,@asm1997f-words#@asm1997f#95.963#96.222
537,татьяну,татьяна,PROPN,_,Animacy=Anim|Case=Acc|Gender=Fem|Number=Sing,_,_,_,@asm1997f-words#@asm1997f#96.222#96.481
538,владимировну,владимировна,PROPN,_,Animacy=Anim|Case=Acc|Gender=Fem|Number=Sing,_,_,_,@asm1997f-words#@asm1997f#96.481#96.74
539,/,/,PUNCT,_,_,_,_,_,@asm1997f-words#@asm1997f#96.74#96.999
540,и,и,CCONJ,_,_,_,_,_,@asm1997f-words#@asm1997f#96.999#97.258
541,про,про,ADP,_,_,_,_,_,@asm1997f-words#@asm1997f#97.258#97.517
542,всё,все,PRON,_,Animacy=Inan|Case=Acc|Gender=Neut|Number=Sing,_,_,_,@asm1997f-words#@asm1997f#97.517#97.776
543,такое,такой,DET,_,Case=Acc|Gender=Neut|Number=Sing,_,_,_,@asm1997f-words#@asm1997f#97.776#98.035
544,/,/,PUNCT,_,_,_,_,_,@asm1997f-words#@asm1997f#98.035#98.294
545,мы,мы,PRON,_,Case=Nom|Number=Plur|Person=1,_,_,_,@asm1997f-words#@asm1997f#98.294#98.553
546,должны,должен,ADJ,_,Degree=Pos|Number=Plur|Variant=Short,_,_,_,@asm1997f-words#@asm1997f#98.553#98.812
547,говорить,говорить,VERB,_,Aspect=Imp|VerbForm=Inf|Voice=Act,_,_,_,@asm1997f-words#@asm1997f#98.812#99.071
548,что,что,PRON,_,Case=Acc,_,_,_,@asm1997f-words#@asm1997f#99.071#99.33
549,да,да,PART,_,_,_,_,_,@asm1997f-words#@asm1997f#99.33#99.589
550,/,/,PUNCT,_,_,_,_,_,@asm1997f-words#@asm1997f#99.589#99.848
551,она,она,PRON,_,Case=Nom|Gender=Fem|Number=Sing|Person=3,_,_,_,@asm1997f-words#@asm1997f#99.848#100.107
552,ведёт,вести,VERB,_,Aspect=Imp|Mood=Ind|Number=Sing|Person=3|Tense=Pres|VerbForm=Fin|Voice=Act,_,_,_,@asm1997f-words#@asm1997f#100.107#100.366
553,у,у,ADP,_,_,_,_,_,@asm1997f-words#@asm1997f#100.366#100.625
554,нас,мы,PRON,_,Case=Gen|Number=Plur|Person=1,_,_,_,@asm1997f-words#@asm1997f#100.625#100.884
555,тренировку,тренировка,NOUN,_,Animacy=Inan|Case=Acc|Gender=Fem|Number=Sing,_,_,_,@asm1997f-words#@asm1997f#100.884#101.143
556,/,/,PUNCT,_,_,_,_,_,@asm1997f-words#@asm1997f#101.143#101.402
557,ой,ой,INTJ,_,_,_,_,_,@asm1997f-words#@asm1997f#101.402#101.661
558,тренировки,тренировка,NOUN,_,Animacy=Inan|Case=Gen|Gender=Fem|Number=Sing,_,_,_,@asm1997f-words#@asm1997f#101.661#101.92
559,/,/,PUNCT,_,_,_,_,_,@asm1997f-words#@asm1997f#101.92#102.179
560,но,но,CCONJ,_,_,_,_,_,@asm1997f-words#@asm1997f#102.179#102.438
561,у,у,ADP,_,_,_,_,_,@asm1997f-words#@asm1997f#102.438#102.697
562,неё,она,PRON,_,Case=Gen|Gender=Fem|Number=Sing|Person=3,_,_,_,@asm1997f-words#@asm1997f#102.697#102.956
563,типо,типо,INTJ,_,_,_,_,_,@asm1997f-words#@asm1997f#102.956#103.215
564,есть,быть,VERB,_,Aspect=Imp|Mood=Ind|Number=Sing|Person=3|Tense=Pres|VerbForm=Fin|Voice=Act,_,_,_,@asm1997f-words#@asm1997f#103.215#103.474
565,помощница,помощница,NOUN,_,Animacy=Inan|Case=Nom|Gender=Fem|Number=Sing,_,_,_,@asm1997f-words#@asm1997f#103.474#103.733
566,/,/,PUNCT,_,_,_,_,_,@asm1997f-words#@asm1997f#103.733#103.992
567,катюха,катюха,PROPN,_,Animacy=Anim|Case=Nom|Gender=Fem|Number=Sing,_,_,_,@asm1997f-words#@asm1997f#103.992#104.251
568,как,как,SCONJ,_,_,_,_,_,@asm1997f-words#@asm1997f#104.251#104.51
569,раз,раз,NOUN,_,Animacy=Inan|Case=Acc|Gender=Masc|Number=Sing,_,_,_,@asm1997f-words#@asm1997f#104.51#104.8
570,вот,вот,PART,_,_,_,_,_,@asm1997f-words#@asm1997f#105.15#105.4
571,/,/,PUNCT,_,_,_,_,_,@asm1997f-words#@asm1997f#105.4#105.65
572,и,и,CCONJ,_,_,_,_,_,@asm1997f-words#@asm1997f#105.65#105.9
573,что,что,PRON,_,Case=Nom,_,_,_,@asm1997f-words#@asm1997f#105.9#106.15
574,типо,типо,INTJ,_,_,_,_,_,@asm1997f-words#@asm1997f#106.15#106.4
575,у,у,ADP,_,_,_,_,_,@asm1997f-words#@asm1997f#106.4#106.65
576,нас,мы,PRON,_,Case=Gen|Number=Plur|Person=1,_,_,_,@asm1997f-words#@asm1997f#106.65#106.9
577,тренировки,тренировка,NOUN,_,Animacy=Inan|Case=Nom|Gender=Fem|Number=Plur,_,_,_,@asm1997f-words#@asm1997f#106.9#107.15
578,бесплатные,бесплатный,ADJ,_,Case=Nom|Degree=Pos|Number=Plur,_,_,_,@asm1997f-words#@asm1997f#107.15#107.4
579,/,/,PUNCT,_,_,_,_,_,@asm1997f-words#@asm1997f#107.4#107.65
580,и,и,CCONJ,_,_,_,_,_,@asm1997f-words#@asm1997f#107.65#107.9
581,мы,мы,PRON,_,Case=Nom|Number=Plur|Person=1,_,_,_,@asm1997f-words#@asm1997f#107.9#108.15
582,оплачиваем,оплачивать,VERB,_,Aspect=Imp|Mood=Ind|Number=Plur|Person=1|Tense=Pres|VerbForm=Fin|Voice=Act,_,_,_,@asm1997f-words#@asm1997f#108.15#108.4
583,только,только,PART,_,_,_,_,_,@asm1997f-words#@asm1997f#108.4#108.65
584,/,/,PUNCT,_,_,_,_,_,@asm1997f-words#@asm1997f#108.65#108.9
585,ну,ну,PART,_,_,_,_,_,@asm1997f-words#@asm1997f#108.9#109.15
586,типо,типый,ADP,_,_,_,_,_,@asm1997f-words#@asm1997f#109.15#109.4
587,взносы,взнос,NOUN,_,Animacy=Inan|Case=Acc|Gender=Masc|Number=Plur,_,_,_,@asm1997f-words#@asm1997f#109.4#109.65
588,там,там,ADV,_,Degree=Pos,_,_,_,@asm1997f-words#@asm1997f#109.65#109.9
589,за,за,ADP,_,_,_,_,_,@asm1997f-words#@asm1997f#109.9#110.15
590,костюмы,костюм,NOUN,_,Animacy=Inan|Case=Acc|Gender=Masc|Number=Plur,_,_,_,@asm1997f-words#@asm1997f#110.15#110.4
591,и,и,CCONJ,_,_,_,_,_,@asm1997f-words#@asm1997f#110.4#110.65
592,за,за,ADP,_,_,_,_,_,@asm1997f-words#@asm1997f#110.65#110.9
593,всякую,всякий,DET,_,Case=Acc|Gender=Fem|Number=Sing,_,_,_,@asm1997f-words#@asm1997f#110.9#111.15
594,такую,такой,DET,_,Case=Acc|Gender=Fem|Number=Sing,_,_,_,@asm1997f-words#@asm1997f#111.15#111.4
595,штуку,штука,NOUN,_,Animacy=Inan|Case=Acc|Gender=Fem|Number=Sing,_,_,_,@asm1997f-words#@asm1997f#111.4#111.65
596,/,/,PUNCT,_,_,_,_,_,@asm1997f-words#@asm1997f#111.65#111.9
597,а,а,CCONJ,_,_,_,_,_,@asm1997f-words#@asm1997f#111.9#112.15
598,так,так,ADV,_,Degree=Pos,_,_,_,@asm1997f-words#@asm1997f#112.15#112.4
599,мы,мы,PRON,_,Case=Nom|Number=Plur|Person=1,_,_,_,@asm1997f-words#@asm1997f#112.4#112.65
600,не,не,PART,_,_,_,_,_,@asm1997f-words#@asm1997f#112.65#112.9
601,платим,платить,VERB,_,Aspect=Imp|Mood=Ind|Number=Plur|Person=1|Tense=Pres|VerbForm=Fin|Voice=Act,_,_,_,@asm1997f-words#@asm1997f#112.9#113.15
602,вот,вот,PART,_,_,_,_,_,@asm1997f-words#@asm1997f#114.16#114.388
603,/,/,PUNCT,_,_,_,_,_,@asm1997f-words#@asm1997f#114.388#114.616
604,и,и,CCONJ,_,_,_,_,_,@asm1997f-words#@asm1997f#114.616#114.844
605,чё-то,что-то,PRON,_,Case=Nom|Number=Sing,_,_,_,@asm1997f-words#@asm1997f#114.844#115.072
606,ещё,еще,ADV,_,Degree=Pos,_,_,_,@asm1997f-words#@asm1997f#115.072#115.3
607,[нрзб],[нрзб],PUNCT,_,_,_,_,_,@asm1997f-words#@asm1997f#115.3#115.53
608,ну,ну,PART,_,_,_,_,_,@asm1997f-words#@asm1997f#115.75#116.048
609,/,/,PUNCT,_,_,_,_,_,@asm1997f-words#@asm1997f#116.048#116.346
610,и,и,CCONJ,_,_,_,_,_,@asm1997f-words#@asm1997f#116.346#116.644
611,вот,вот,PART,_,_,_,_,_,@asm1997f-words#@asm1997f#116.644#116.942
612,сказала,сказать,VERB,_,Aspect=Perf|Gender=Fem|Mood=Ind|Number=Sing|Tense=Past|VerbForm=Fin|Voice=Act,_,_,_,@asm1997f-words#@asm1997f#116.942#117.24
613,что,что,PRON,_,Case=Nom,_,_,_,@asm1997f-words#@asm1997f#117.24#117.538
614,[нрзб],[нрзб],PUNCT,_,_,_,_,_,@asm1997f-words#@asm1997f#117.538#117.836
615,/,/,PUNCT,_,_,_,_,_,@asm1997f-words#@asm1997f#117.836#118.134
616,не,не,PART,_,_,_,_,_,@asm1997f-words#@asm1997f#118.134#118.432
617,студенты,студент,NOUN,_,Animacy=Anim|Case=Nom|Gender=Masc|Number=Plur,_,_,_,@asm1997f-words#@asm1997f#118.432#118.73
618,те,тот,DET,_,Case=Nom|Number=Plur,_,_,_,@asm1997f-words#@asm1997f#118.73#119.028
619,не,не,PART,_,_,_,_,_,@asm1997f-words#@asm1997f#119.028#119.326
620,могут,мочь,VERB,_,Aspect=Imp|Mood=Ind|Number=Plur|Person=3|Tense=Pres|VerbForm=Fin|Voice=Act,_,_,_,@asm1997f-words#@asm1997f#119.326#119.624
621,заниматься,заниматься,VERB,_,Aspect=Imp|VerbForm=Inf|Voice=Act,_,_,_,@asm1997f-words#@asm1997f#119.624#119.922
622,/,/,PUNCT,_,_,_,_,_,@asm1997f-words#@asm1997f#119.922#120.22
623,типо,типо,INTJ,_,_,_,_,_,@asm1997f-words#@asm1997f#120.22#120.518
624,будет,быть,AUX,_,Aspect=Imp|Mood=Ind|Number=Sing|Person=3|Tense=Pres|VerbForm=Fin|Voice=Pass,_,_,_,@asm1997f-words#@asm1997f#120.518#120.816
625,вопрос,вопрос,NOUN,_,Animacy=Inan|Case=Nom|Gender=Masc|Number=Sing,_,_,_,@asm1997f-words#@asm1997f#120.816#121.114
626,решаться,решать,VERB,_,Aspect=Imp|VerbForm=Inf|Voice=Pass,_,_,_,@asm1997f-words#@asm1997f#121.114#121.42
627,ну,ну,PART,_,_,_,_,_,@asm1997f-words#@asm1997f#123.89#124.165
628,да,да,CCONJ,_,_,_,_,_,@asm1997f-words#@asm1997f#124.165#124.44
629,ну,ну,PART,_,_,_,_,_,@asm1997f-words#@asm1997f#130.27#130.485
630,да,да,PART,_,_,_,_,_,@asm1997f-words#@asm1997f#130.485#130.7
631,она,она,PRON,_,Case=Nom|Gender=Fem|Number=Sing|Person=3,_,_,_,@asm1997f-words#@asm1997f#130.7#130.958
632,ж,же,PART,_,_,_,_,_,@asm1997f-words#@asm1997f#130.958#131.216
633,по,по,ADP,_,_,_,_,_,@asm1997f-words#@asm1997f#131.216#131.474
634,субботам,суббота,NOUN,_,Animacy=Inan|Case=Dat|Gender=Masc|Number=Plur,_,_,_,@asm1997f-words#@asm1997f#131.474#131.732
635,ходит,ходить,VERB,_,Aspect=Imp|Mood=Ind|Number=Sing|Person=3|Tense=Pres|VerbForm=Fin|Voice=Act,_,_,_,@asm1997f-words#@asm1997f#131.732#131.99
636,ну,ну,PART,_,_,_,_,_,@asm1997f-words#@asm1997f#132.92#133.17
637,/,/,PUNCT,_,_,_,_,_,@asm1997f-words#@asm1997f#133.17#133.42
638,обычно,обычно,ADV,_,Degree=Pos,_,_,_,@asm1997f-words#@asm1997f#133.42#133.67
639,[нрзб],[нрзб],PUNCT,_,_,_,_,_,@asm1997f-words#@asm1997f#133.67#133.92
640,кто,кто,PRON,_,Case=Nom,_,_,_,@asm1997f-words#@asm1997f#145.32#145.503
641,/,/,PUNCT,_,_,_,_,_,@asm1997f-words#@asm1997f#145.503#145.686
642,подожди,подожди,VERB,_,Aspect=Perf|Mood=Imp|Number=Sing|Person=2|VerbForm=Fin|Voice=Act,_,_,_,@asm1997f-words#@asm1997f#145.686#145.87
643,катя,катя,PROPN,_,Animacy=Anim|Case=Nom|Gender=Fem|Number=Sing,_,_,_,@asm1997f-words#@asm1997f#145.88#146.63
644,нет,нет,VERB,_,Aspect=Imp|Mood=Ind|Number=Sing|Person=3|Tense=Pres|VerbForm=Fin|Voice=Act,_,_,_,@asm1997f-words#@asm1997f#146.89#147.17
645,ну,ну,PART,_,_,_,_,_,@asm1997f-words#@asm1997f#147.17#147.45
646,может,мочь,VERB,_,Aspect=Imp|Mood=Ind|Number=Sing|Person=3|Tense=Pres|VerbForm=Fin|Voice=Act,_,_,_,@asm1997f-words#@asm1997f#147.45#147.73
647,щас,сейчас,ADV,_,Degree=Pos,_,_,_,@asm1997f-words#@asm1997f#147.73#148.01
648,пока,пока,ADV,_,Degree=Pos,_,_,_,@asm1997f-words#@asm1997f#148.01#148.29
649,еще,еще,ADV,_,Degree=Pos,_,_,_,@asm1997f-words#@asm1997f#148.29#148.57
650,можно,можно,ADV,_,Degree=Pos,_,_,_,@asm1997f-words#@asm1997f#148.57#148.85
651,[нрзб],[нрзб],PUNCT,_,_,_,_,_,@asm1997f-words#@asm1997f#148.85#149.13
652,она,она,PRON,_,Case=Nom|Gender=Fem|Number=Sing|Person=3,_,_,_,@asm1997f-words#@asm1997f#156.83#157.17
653,тоже,тоже,PART,_,_,_,_,_,@asm1997f-words#@asm1997f#157.17#157.51
654,а,а,INTJ,_,_,_,_,_,@asm1997f-words#@asm1997f#157.51#157.795
655,/,/,PUNCT,_,_,_,_,_,@asm1997f-words#@asm1997f#157.795#158.08
656,нет,нет,VERB,_,Aspect=Imp|Mood=Ind|Number=Sing|Person=3|Tense=Pres|VerbForm=Fin|Voice=Act,_,_,_,@asm1997f-words#@asm1997f#158.08#158.365
657,/,/,PUNCT,_,_,_,_,_,@asm1997f-words#@asm1997f#158.365#158.65
658,[нрзб],[нрзб],PUNCT,_,_,_,_,_,@asm1997f-words#@asm1997f#158.65#158.935
659,в,в,ADP,_,_,_,_,_,@asm1997f-words#@asm1997f#158.935#159.22
660,аспирантуре,аспирантура,NOUN,_,Animacy=Inan|Case=Loc|Gender=Fem|Number=Sing,_,_,_,@asm1997f-words#@asm1997f#159.22#159.505
661,вроде,вроде,ADV,_,Degree=Pos,_,_,_,@asm1997f-words#@asm1997f#159.505#159.79
662,если,если,SCONJ,_,_,_,_,_,@asm1997f-words#@asm1997f#160.72#161.116
663,не,не,PART,_,_,_,_,_,@asm1997f-words#@asm1997f#161.116#161.512
664,закончила,закончить,VERB,_,Aspect=Perf|Gender=Fem|Mood=Ind|Number=Sing|Tense=Past|VerbForm=Fin|Voice=Mid,_,_,_,@asm1997f-words#@asm1997f#161.512#161.91
665,ну,ну,PART,_,_,_,_,_,@asm1997f-words#@asm1997f#165.88#166.147
666,может,мочь,VERB,_,Aspect=Imp|Mood=Ind|Number=Sing|Person=3|Tense=Pres|VerbForm=Fin|Voice=Act,_,_,_,@asm1997f-words#@asm1997f#166.147#166.414
667,всё,все,PART,_,_,_,_,_,@asm1997f-words#@asm1997f#166.414#166.681
668,таки,таки,PART,_,_,_,_,_,@asm1997f-words#@asm1997f#166.681#166.948
669,/,/,PUNCT,_,_,_,_,_,@asm1997f-words#@asm1997f#166.948#167.215
670,это,это,PRON,_,Animacy=Inan|Case=Nom|Gender=Neut|Number=Sing,_,_,_,@asm1997f-words#@asm1997f#167.215#167.482
671,по-другому,по-другому,ADV,_,Degree=Pos,_,_,_,@asm1997f-words#@asm1997f#167.482#167.749
672,[нрзб],[нрзб],PUNCT,_,_,_,_,_,@asm1997f-words#@asm1997f#167.749#168.02
673,ну,ну,PART,_,_,_,_,_,@asm1997f-words#@asm1997f#170.09#170.29
674,да,да,PART,_,_,_,_,_,@asm1997f-words#@asm1997f#170.29#170.49
675,/,/,PUNCT,_,_,_,_,_,@asm1997f-words#@asm1997f#170.49#170.69
676,тоже,тоже,PART,_,_,_,_,_,@asm1997f-words#@asm1997f#170.69#170.89
677,никак,никак,ADV,_,Degree=Pos,_,_,_,@asm1997f-words#@asm1997f#170.89#171.09
678,ну,ну,PART,_,_,_,_,_,@asm1997f-words#@asm1997f#187.81#188.054
679,/,/,PUNCT,_,_,_,_,_,@asm1997f-words#@asm1997f#188.054#188.298
680,я,я,PRON,_,Case=Nom|Number=Sing|Person=1,_,_,_,@asm1997f-words#@asm1997f#188.298#188.542
681,так,так,ADV,_,Degree=Pos,_,_,_,@asm1997f-words#@asm1997f#188.542#188.786
682,думаю,думать,VERB,_,Aspect=Imp|Mood=Ind|Number=Sing|Person=1|Tense=Pres|VerbForm=Fin|Voice=Act,_,_,_,@asm1997f-words#@asm1997f#188.786#189.03
683,по,по,ADP,_,_,_,_,_,@asm1997f-words#@asm1997f#189.03#189.274
684,вечерам,вечер,NOUN,_,Animacy=Inan|Case=Dat|Gender=Masc|Number=Plur,_,_,_,@asm1997f-words#@asm1997f#189.274#189.518
685,/,/,PUNCT,_,_,_,_,_,@asm1997f-words#@asm1997f#189.518#189.762
686,ходят,ходить,VERB,_,Aspect=Imp|Mood=Ind|Number=Plur|Person=3|Tense=Pres|VerbForm=Fin|Voice=Act,_,_,_,@asm1997f-words#@asm1997f#189.762#190.006
687,только,только,PART,_,_,_,_,_,@asm1997f-words#@asm1997f#190.006#190.25
688,те,тот,DET,_,Case=Nom|Number=Plur,_,_,_,@asm1997f-words#@asm1997f#190.25#190.494
689,кто,кто,PRON,_,Case=Nom,_,_,_,@asm1997f-words#@asm1997f#190.494#190.738
690,покупает,купить,VERB,_,Aspect=Perf|Mood=Ind|Number=Sing|Person=3|Tense=Fut|VerbForm=Fin|Voice=Act,_,_,_,@asm1997f-words#@asm1997f#190.738#190.982
691,себе,себя,PRON,_,Case=Dat,_,_,_,@asm1997f-words#@asm1997f#190.982#191.226
692,абонемент,абонемент,NOUN,_,Animacy=Inan|Case=Acc|Gender=Masc|Number=Sing,_,_,_,@asm1997f-words#@asm1997f#191.226#191.47
693,ну,ну,PART,_,_,_,_,_,@asm1997f-words#@asm1997f#192.37#192.697
694,типо,типо,INTJ,_,_,_,_,_,@asm1997f-words#@asm1997f#192.697#193.024
695,офп,фпнуть,?,_,_,_,_,_,@asm1997f-words#@asm1997f#193.024#193.351
696,и,и,CCONJ,_,_,_,_,_,@asm1997f-words#@asm1997f#193.351#193.678
697,всё,все,PRON,_,Animacy=Inan|Case=Acc|Gender=Neut|Number=Sing,_,_,_,@asm1997f-words#@asm1997f#193.678#194.005
698,/,/,PUNCT,_,_,_,_,_,@asm1997f-words#@asm1997f#194.005#194.332
699,всякого,всякий,DET,_,Case=Gen|Gender=Neut|Number=Sing,_,_,_,@asm1997f-words#@asm1997f#194.332#194.659
700,такого,такой,DET,_,Case=Gen|Gender=Neut|Number=Sing,_,_,_,@asm1997f-words#@asm1997f#194.659#194.99
701,да,да,CCONJ,_,_,_,_,_,@asm1997f-words#@asm1997f#202.28#202.521
702,да,да,PART,_,_,_,_,_,@asm1997f-words#@asm1997f#202.521#202.762
703,да,да,PART,_,_,_,_,_,@asm1997f-words#@asm1997f#202.762#203.003
704,/,/,PUNCT,_,_,_,_,_,@asm1997f-words#@asm1997f#203.003#203.244
705,и,и,CCONJ,_,_,_,_,_,@asm1997f-words#@asm1997f#203.244#203.485
706,мы,мы,PRON,_,Case=Nom|Number=Plur|Person=1,_,_,_,@asm1997f-words#@asm1997f#203.485#203.726
707,из-за,из-за,ADP,_,_,_,_,_,@asm1997f-words#@asm1997f#203.726#203.967
708,этого,это,PRON,_,Animacy=Inan|Case=Gen|Gender=Neut|Number=Sing,_,_,_,@asm1997f-words#@asm1997f#203.967#204.208
709,позже,поздно,ADV,_,Degree=Cmp,_,_,_,@asm1997f-words#@asm1997f#204.208#204.449
710,уйдём,уйдь,VERB,_,Aspect=Perf|Mood=Ind|Number=Plur|Person=1|Tense=Fut|VerbForm=Fin|Voice=Act,_,_,_,@asm1997f-words#@asm1997f#204.449#204.69
711,а,а,CCONJ,_,_,_,_,_,@asm1997f-words#@asm1997f#295.24#295.465
712,ну,ну,PART,_,_,_,_,_,@asm1997f-words#@asm1997f#295.465#295.69
713,да,да,PART,_,_,_,_,_,@asm1997f-words#@asm1997f#295.69#295.915
714,/,/,PUNCT,_,_,_,_,_,@asm1997f-words#@asm1997f#295.915#296.14
715,вообще,вообще,ADV,_,Degree=Pos,_,_,_,@asm1997f-words#@asm1997f#296.14#296.365
716,бред,бред,NOUN,_,Animacy=Anim|Case=Nom|Gender=Masc|Number=Sing,_,_,_,@asm1997f-words#@asm1997f#296.365#296.59
717,скажи,сказать,VERB,_,Aspect=Perf|Mood=Imp|Number=Sing|Person=2|VerbForm=Fin|Voice=Act,_,_,_,@asm1997f-words#@asm1997f#306.15#306.396
718,кате,кат,NOUN,_,Animacy=Anim|Case=Loc|Gender=Masc|Number=Sing,_,_,_,@asm1997f-words#@asm1997f#306.396#306.642
719,/,/,PUNCT,_,_,_,_,_,@asm1997f-words#@asm1997f#306.642#306.888
720,что,что,SCONJ,_,_,_,_,_,@asm1997f-words#@asm1997f#306.888#307.134
721,мама,мама,NOUN,_,Animacy=Anim|Case=Nom|Gender=Fem|Number=Sing,_,_,_,@asm1997f-words#@asm1997f#307.134#307.38
722,[нрзб],[нрзб],PUNCT,_,_,_,_,_,@asm1997f-words#@asm1997f#307.38#307.63
723,блин,блин,NOUN,_,Animacy=Inan|Case=Nom|Gender=Masc|Number=Sing,_,_,_,@asm1997f-words#@asm1997f#313.0#313.284
724,/,/,PUNCT,_,_,_,_,_,@asm1997f-words#@asm1997f#313.284#313.568
725,фигово,фигово,ADV,_,Degree=Pos,_,_,_,@asm1997f-words#@asm1997f#313.568#313.852
726,/,/,PUNCT,_,_,_,_,_,@asm1997f-words#@asm1997f#313.852#314.136
727,еще,еще,ADV,_,Degree=Pos,_,_,_,@asm1997f-words#@asm1997f#314.136#314.42
728,тренировки,тренировка,NOUN,_,Animacy=Inan|Case=Nom|Gender=Fem|Number=Plur,_,_,_,@asm1997f-words#@asm1997f#314.42#314.704
729,по,по,ADP,_,_,_,_,_,@asm1997f-words#@asm1997f#314.704#314.988
730,субботам,суббота,NOUN,_,Animacy=Inan|Case=Dat|Gender=Fem|Number=Plur,_,_,_,@asm1997f-words#@asm1997f#314.988#315.272
731,она,она,PRON,_,Case=Nom|Gender=Fem|Number=Sing|Person=3,_,_,_,@asm1997f-words#@asm1997f#315.272#315.556
732,пр...,пр...,X,_,_,_,_,_,@asm1997f-words#@asm1997f#315.556#315.84
733,продлила,продлить,VERB,_,Aspect=Perf|Gender=Fem|Mood=Ind|Number=Sing|Tense=Past|VerbForm=Fin|Voice=Act,_,_,_,@asm1997f-words#@asm1997f#315.84#316.124
734,на,на,ADP,_,_,_,_,_,@asm1997f-words#@asm1997f#316.124#316.408
735,час,час,NOUN,_,Animacy=Inan|Case=Acc|Gender=Masc|Number=Sing,_,_,_,@asm1997f-words#@asm1997f#316.408#316.7
736,я,я,PRON,_,Case=Nom|Number=Sing|Person=1,_,_,_,@asm1997f-words#@asm1997f#316.79#317.108
737,те,ты,PRON,_,Case=Dat|Number=Sing,_,_,_,@asm1997f-words#@asm1997f#317.108#317.426
738,отвечаю,отвечать,VERB,_,Aspect=Imp|Mood=Ind|Number=Sing|Person=1|Tense=Pres|VerbForm=Fin|Voice=Act,_,_,_,@asm1997f-words#@asm1997f#317.426#317.744
739,/,/,PUNCT,_,_,_,_,_,@asm1997f-words#@asm1997f#317.744#318.062
740,после,после,ADP,_,_,_,_,_,@asm1997f-words#@asm1997f#318.062#318.38
741,вот,вот,PART,_,_,_,_,_,@asm1997f-words#@asm1997f#318.38#318.698
742,этого,этот,DET,_,Case=Gen|Gender=Masc|Number=Sing,_,_,_,@asm1997f-words#@asm1997f#318.698#319.016
743,сезона,сезон,NOUN,_,Animacy=Inan|Case=Gen|Gender=Masc|Number=Sing,_,_,_,@asm1997f-words#@asm1997f#319.016#319.334
744,/,/,PUNCT,_,_,_,_,_,@asm1997f-words#@asm1997f#319.334#319.652
745,у,у,ADP,_,_,_,_,_,@asm1997f-words#@asm1997f#319.652#319.97
746,нас,мы,PRON,_,Case=Gen|Number=Plur|Person=1,_,_,_,@asm1997f-words#@asm1997f#319.97#320.288
747,полкоманды,полкоманда,ADV,_,Degree=Pos,_,_,_,@asm1997f-words#@asm1997f#320.288#320.606
748,уйдёт,уйдти,VERB,_,Aspect=Perf|Mood=Ind|Number=Sing|Person=3|Tense=Fut|VerbForm=Fin|Voice=Act,_,_,_,@asm1997f-words#@asm1997f#320.606#320.924
749,первокурсниц,первокурсница,NOUN,_,Animacy=Anim|Case=Acc|Gender=Fem|Number=Plur,_,_,_,@asm1997f-words#@asm1997f#320.924#321.25